NUM_ALL,COUNTY_STATE
21362963,"DEKALB , GA"
1996067,"WASHOE , NV"
23037,"JEROME , ID"
309806,"SHELBY , AL"
144401,"BEN HILL , GA"
87993,"NEWAYGO , MI"
14848,"LA SALLE , TX"
62941,"ST. MARY PARISH , LA"
215556,"FAYETTE , GA"
18557,"SULLIVAN , IN"
128949,"BARRON , WI"
335820,"DUNKLIN , MO"
49152,"LACLEDE , MO"
2749,"DONLEY , TX"
33242,"EAST FELICIANA PARISH , LA"
417273,"CARTERET , NC"
62560,"UNION , OR"
89964,"JASPER , IN"
4066,"KIT CARSON , CO"
120268,"EFFINGHAM , IL"
25589,"CUSTER , NE"
6139,"GRAHAM , NC"
57078,"BOONE , IL"
55305,"OCEANA , MI"
12213,"MCDONALD , MO"
16974,"MERCER , KY"
3421,"HOWARD , MO"
10083,"SAC , IA"
3405,"OHIO , IN"
3554,"CROSBY , TX"
12377,"WASECA , MN"
14895,"MITCHELL , GA"
5264,"LUNENBURG , VA"
7625,"JOHNSON , WY"
2298,"ST. THOMAS ISLAND , VI"
263780,"SULLIVAN , NY"
151213,"DESCHUTES , OR"
139462,"LIBERTY , TX"
11875,"WILCOX , GA"
2340,"WHITE PINE , NV"
3078,"BOUNDARY , ID"
1155,"THAYER , NE"
12851,"ACADIA , LA"
6294,"HARDEMAN , TX"
524,"ADAMS , ID"
32784,"PIKE , IN"
15612,"SUMTER , AL"
261,"GUAM , GU"
3511856,"SAINT LOUIS CITY , MO"
1326106,"GALVESTON , TX"
4195408,"JEFFERSON , KY"
276099,"GREENE , OH"
1486673,"ARAPAHOE , CO"
892193,"WASHINGTON , PA"
4920,"CEDAR , NE"
616623,"MONROE , PA"
52007,"DOUGLAS , MN"
181787,"COLUMBIA , GA"
12925,"UNION PARISH , LA"
119504,"PUTNAM , IN"
776129,"EAU CLAIRE , WI"
211350,"WASHINGTON , VT"
357417,"BERKELEY , SC"
12531,"RUSSELL , KY"
117896,"DEARBORN , IN"
54742,"UPSON , GA"
25799,"WHITE , GA"
26407,"BUTTS , GA"
23111,"MCDOWELL , NC"
7699,"CHICOT , AR"
91343,"TOOELE , UT"
20883,"BENTON , IA"
21733,"CHATTOOGA , GA"
2276,"GRAND ISLE , VT"
3913,"PIERCE , NE"
405,"CLARK , ID"
7548,"LINCOLN , CO"
477,"JONES , SD"
28062,"JACKSON PARISH , LA"
208398,"DARLINGTON , SC"
50213,"CHEROKEE , TX"
10996,"TAYLOR , IA"
21186,"TRIGG , KY"
65365,"YORK , NE"
20062,"CALDWELL , MO"
6728,"MORRILL , NE"
4405,"OSCEOLA , IA"
1749,"HITCHCOCK , NE"
2016,"RED RIVER , LA"
26992877,"HARRIS , TX"
1198878,"EAST BATON ROUGE PARISH , LA"
2741686,"FRESNO , CA"
1325427,"TULARE , CA"
501578,"CLEVELAND , OK"
413357,"LEE , AL"
189848,"EDDY , NM"
125363,"BOLIVAR , MS"
49561,"CODINGTON , SD"
44193,"PONTOTOC , OK"
153646,"JACKSON , GA"
69753,"JEFFERSON , TN"
12737,"BURLESON , TX"
315312,"HURON , OH"
69199,"LEWIS , WA"
133520,"ALLEGANY , NY"
111174,"KNOX , OH"
8258,"BRANTLEY , GA"
20369,"STONE , MS"
6257,"BRACKEN , KY"
26785,"ALAMOSA , CO"
119096,"HOWELL , MO"
147807,"PENNINGTON , MN"
10073,"KIMBLE , TX"
23238,"BOTTINEAU , ND"
2253,"GREGORY , SD"
2528,"MINER , SD"
97071,"HENRY , OH"
12419,"GOGEBIC , MI"
11746,"AUDUBON , IA"
20244,"PAULDING , OH"
12896,"SAINT MARY , LA"
6549,"PLATTE , WY"
7939,"CLAIBORNE PARISH , LA"
12723,"TORRANCE , NM"
4030,"RIO BLANCO , CO"
19636,"CHICKASAW , MS"
9141,"CALDWELL PARISH , LA"
54301,"FORD , KS"
6319,"DADE , MO"
27698,"HUTCHINSON , TX"
49289,"DOUGLAS , WA"
8871,"FLOYD , TX"
23910,"ALLEGHANY , NC"
19784,"STONE , MO"
27130,"KIDDER , ND"
179,"GARDEN , NE"
1481,"GRANT , ND"
1763,"DAY , SD"
584,"BORDEN , TX"
83678,"CHISAGO , MN"
6895530,"TARRANT , TX"
10161449,"NASSAU , NY"
348343,"ATHENS , OH"
1098086,"SANTA BARBARA , CA"
5926291,"CUYAHOGA , OH"
121262,"CAMPBELL , TN"
1555282,"HORRY , SC"
3384,"SHELBY , MO"
141575,"MAVERICK , TX"
1474724,"PLYMOUTH , MA"
50382,"LAWRENCE , IN"
660671,"CAMBRIA , PA"
114962,"ELK , PA"
82107,"AUTAUGA , AL"
501285,"KOOTENAI , ID"
97613,"JACKSON , OK"
45948,"CONVERSE , WY"
63728,"LAWRENCE , TN"
120972,"HUNTINGTON , IN"
61542,"WASHINGTON , IN"
10175,"MORGAN , OH"
46302,"HOPKINS , TX"
36679,"GREENE , IL"
36018,"MONROE , OH"
48250,"WALKER , AL"
23980,"FREEBORN , MN"
23281,"HUMPHREYS , MS"
16333,"HENRY , MO"
45882,"LOGAN , KY"
4556,"BROWN , IL"
21189,"PARKE , IN"
4687,"BENTON , IN"
258,"JACKSON , CO"
4293,"SITKA , AK"
1494,"NANCE , NE"
2106,"HOT SPRINGS , WY"
11289,"POINTE COUPEE , LA"
783692,"MIDLAND , TX"
52414,"WEBSTER PARISH , LA"
39162,"BLADEN , NC"
37464,"SHAWANO , WI"
59793,"PITTSBURG , OK"
26543,"GARRARD , KY"
7380,"HUDSPETH , TX"
22505,"HANCOCK , IL"
13888,"SEQUATCHIE , TN"
33279,"BAKER , FL"
90358,"GRAHAM , KS"
5319,"ANDERSON , KS"
5504,"BACA , CO"
602,"WAYNE , UT"
19843,"PHILLIPS , CO"
538,"HANSON , SD"
863,"VALDEZ-CORDOVA CENSUS AREA , AK"
149076,"HANOVER , VA"
442001,"ST. CLAIR , IL"
222963,"CHAVES , NM"
202342,"MCCRACKEN , KY"
41002,"PUTNAM , GA"
160497,"PICKAWAY , OH"
375434,"OKALOOSA , FL"
97208,"GUERNSEY , OH"
186934,"ALLEGANY , MD"
81023,"KOSCIUSKO , IN"
20993,"RUSSELL , KS"
219945,"OTTAWA , OH"
14865,"DOOR , WI"
56023,"JASPER , TX"
64135,"WILSON , TX"
94991,"MASON , KY"
120096,"DELAWARE , NY"
31523,"PERRY , IN"
82260,"DARE , NC"
15299,"SMITH , TN"
1655,"KINGSBURY , SD"
76902,"POLK , MN"
40884,"WASHINGTON , ME"
3438,"ELK , KS"
9086,"LEWIS , MO"
19529,"DUKES , MA"
42428,"EVANGELINE , LA"
11688,"ANTRIM , MI"
22734,"NODAWAY , MO"
36788,"PERRY , IL"
6716,"CHICKASAW , IA"
903447,"ANCHORAGE , AK"
1532,"CLAY , GA"
8139,"TRIMBLE , KY"
9871854,"BEXAR , TX"
676815,"TRUMBULL , OH"
2958250,"WAKE , NC"
151785,"NAPA , CA"
2136035,"ESSEX , MA"
620913,"GLOUCESTER , NJ"
2336860,"JOHNSON , KS"
1367010,"MADISON , TN"
239441,"WAYNE , OH"
327692,"ETOWAH , AL"
185049,"TROUP , GA"
741114,"FREDERICK , MD"
283408,"DELAWARE , IN"
18826,"JEFFERSON , ID"
86742,"MONROE , TN"
147063,"EFFINGHAM , GA"
80877,"SHELBY , OH"
176738,"LAMAR , TX"
224831,"SANTA ROSA , FL"
34853,"SAGADAHOC , ME"
81629,"WEBSTER , IA"
51293,"JACKSON , FL"
99164,"WASHINGTON , NE"
245129,"LYCOMING , PA"
137277,"OXFORD , ME"
30306,"MENOMINEE , MI"
6225,"METCALFE , KY"
57314,"SNYDER , PA"
39067,"HAMILTON , IA"
35295,"KENAI PENINSULA BOROUGH , AK"
11418,"KNOX , NE"
9066,"WASHINGTON , NC"
3362,"MCHENRY , ND"
7175,"EAST CARROLL PARISH , LA"
4364,"UNION , IN"
13930,"JEFFERSON , NE"
1395,"UNION , NM"
45,"PETROLEUM , MT"
17190,"HENRY , KY"
25294,"WABASHA , MN"
544831,"SCHENECTADY , NY"
156329,"FLOYD , KY"
110474,"WATAUGA , NC"
40266,"WILCOX , AL"
33524,"SCHOHARIE , NY"
71693,"PLATTE , NE"
32234,"MANASSAS CITY , VA"
5349,"MARIES , MO"
47540,"HARDY , WV"
2199,"JEFFERSON , OK"
1759,"ADAMS , IA"
1871,"CATRON , NM"
524,"BUTTE , ID"
31536,"CHOWAN , NC"
778,"BOISE , ID"
2205830,"CAMERON , TX"
463502,"DORCHESTER , SC"
1654236,"BRISTOL , MA"
985009,"SEDGWICK , KS"
30371,"MILAM , TX"
841887,"MUSCOGEE , GA"
88169,"GREENUP , KY"
47407,"ADAMS , MS"
125320,"CANADIAN , OK"
796464,"COLLIER , FL"
60458,"HARDEE , FL"
61699,"TIPPAH , MS"
189078,"MAURY , TN"
47700,"HASKELL , OK"
334485,"JOHNSON , IA"
167172,"STARKE , IN"
35769,"MOORE , TX"
183872,"JONES , MS"
643434,"BUFFALO , NE"
30066,"DE SOTO PARISH , LA"
63546,"NAVARRO , TX"
281164,"ALAMANCE , NC"
95611,"COLBERT , AL"
92197,"VALENCIA , NM"
28510,"BAMBERG , SC"
29441,"MOULTRIE , IL"
17023,"DODGE , GA"
23936,"YATES , NY"
21727,"HARRISONBURG CITY , VA"
31777,"GRADY , GA"
58989,"ADAIR , KY"
9468,"SHERIDAN , MT"
16161,"UNION , IL"
28060,"GREEN LAKE , WI"
2317,"CONCORDIA , LA"
39735,"ROBERTS , SD"
21400,"FILLMORE , MN"
36101,"MARION , IL"
17349,"ALLEN PARISH , LA"
31118,"MCNAIRY , TN"
13586,"WILKINSON , MS"
9143,"DALLAS , AR"
852,"FRONTIER , NE"
324870,"MUSKINGUM , OH"
26449,"TALLAHATCHIE , MS"
146378,"ASHLAND , OH"
80058,"MOWER , MN"
110977,"BASTROP , TX"
61836,"FORD , IL"
24326,"ELMORE , ID"
10599,"WICHITA , KS"
6165,"CLAY , KS"
11491,"AVERY , NC"
4961,"GALLATIN , IL"
1531,"WHEELER , GA"
3882,"IRON , WI"
974,"SHERMAN , NE"
3533,"ELLIOTT , KY"
3777,"GARFIELD , UT"
3743,"NORTH SLOPE , AK"
16676,"BERTIE , NC"
14897,"BOURBON , KS"
20929,"CUSTER , MT"
203,"MOTLEY , TX"
136,"SAINT HELENA , LA"
362938,"BOONE , KY"
17373,"HENDERSON , TN"
795168,"LORAIN , OH"
108581,"ST. LANDRY PARISH , LA"
251578,"CLARK , IN"
78576,"MADISON , OH"
7078,"HUMBOLDT , IA"
212697,"CASCADE , MT"
32035,"CHEATHAM , TN"
728495,"WEBER , UT"
1787914,"CONTRA COSTA , CA"
634726,"IMPERIAL , CA"
67756,"BECKER , MN"
35926,"WHITE , IL"
32365,"GLENN , CA"
79924,"RUSSELL , AL"
51261,"HILL , TX"
21297,"MONTGOMERY , MO"
31074,"BRISTOL CITY , VA"
124034,"MORROW , OR"
7301,"KENT , MD"
12531,"SAINT FRANCOIS , MO"
20486,"GENEVA , AL"
4868,"AMITE , MS"
20091,"YALOBUSHA , MS"
31538,"ADDISON , VT"
14946,"BRECKINRIDGE , KY"
17833,"IOSCO , MI"
8375,"RANSOM , ND"
3962,"JACK , TX"
1565,"MCMULLEN , TX"
3071,"PIERCE , ND"
3559,"ADAIR , IA"
2935,"RUSH , KS"
12591,"WASHINGTON , LA"
9738,"FILLMORE , NE"
306627,"VERMILION , IL"
189996,"MONROE , MI"
186498,"GARLAND , AR"
147777,"HUNT , TX"
28196,"JASPER , IL"
10115,"ARCHULETA , CO"
4932,"REYNOLDS , MO"
18921,"CROCKETT , TN"
546,"CHEYENNE , KS"
5697,"PRAIRIE , AR"
60324,"ST. CLAIR , AL"
4788,"COOSA , AL"
2715,"SCHLEY , GA"
601,"BURKE , ND"
652044,"VANDERBURGH , IN"
29909,"GRIMES , TX"
8204,"WOODRUFF , AR"
3,"BRISTOL BAY BOROUGH , AK"
8678676,"ALLEGHENY , PA"
587161,"LINN , IA"
143931,"LAUREL , KY"
88640,"ST. JOHN THE BAPTIST PARISH , LA"
350877,"COWETA , GA"
188524,"SANTA FE , NM"
235044,"INDIAN RIVER , FL"
752201,"NORTHAMPTON , PA"
82555,"CRAWFORD , OH"
181982,"CLINTON , NY"
34865,"ST. FRANCIS , AR"
92106,"GRANT , IN"
29140,"TOWNS , GA"
59863,"ESCAMBIA , AL"
22229,"DAKOTA , NE"
23378,"DECATUR , GA"
111557,"HOPKINS , KY"
17342,"UNION , TN"
64328,"MARION , IA"
10409,"WORTH , GA"
399888,"ROANOKE CITY , VA"
75010,"KITTITAS , WA"
5800,"BURT , NE"
12121,"REAGAN , TX"
3916,"STEWART , TN"
12344,"ST. HELENA PARISH , LA"
6040,"RALLS , MO"
2965,"KING AND QUEEN , VA"
5754,"LUCE , MI"
10695,"LINCOLN , ID"
3361,"RENVILLE , ND"
15826,"SCOTT , IL"
2029,"OWSLEY , KY"
958,"COCHRAN , TX"
3223,"SAN MIGUEL , CO"
149,"KENT , TX"
217931,"SEVIER , TN"
215918,"LEE , NC"
38608,"JUNEAU , WI"
51581,"LA PLATA , CO"
1818,"EDWARDS , TX"
22429,"MARION , KY"
20493,"MASSAC , IL"
75,"ALEUTIANS EAST BOROUGH , AK"
4357273,"PASSAIC , NJ"
86620,"LEFLORE , MS"
11130897,"HUDSON , NJ"
2129135,"HINDS , MS"
505581,"GASTON , NC"
894153,"WASHTENAW , MI"
1420323,"BUCKS , PA"
558405,"PITT , NC"
109392,"GRAVES , KY"
45453,"MURRAY , GA"
229027,"WHITE , AR"
70567,"LATAH , ID"
624814,"FAYETTE , PA"
70701,"TUSCOLA , MI"
332006,"HOUSTON , GA"
78770,"TALBOT , MD"
83736,"VANCE , NC"
114552,"HILLSDALE , MI"
690945,"SUMTER , SC"
24333,"SPENCER , IN"
91871,"MEDINA , TX"
36039,"QUEEN ANNE'S , MD"
1625,"HICKMAN , KY"
99285,"AUGUSTA , VA"
90931,"LINCOLN , NC"
546014,"RENSSELAER , NY"
25335,"CALUMET , WI"
6495,"ADAMS , ND"
81890,"GOODHUE , MN"
23127,"HUBBARD , MN"
13182,"LAKE , MT"
81742,"HARDIN , TX"
8816,"CHARLOTTESVILLE CITY , VA"
48866,"PULASKI , MO"
26901,"COOPER , MO"
17535,"EDMONSON , KY"
9152,"UNION , LA"
1012,"ROBERTSON , KY"
471759,"JACKSON , MI"
230934,"WICHITA , TX"
243724,"SEBASTIAN , AR"
559630,"RICHLAND , OH"
37525,"MONROE , GA"
44014,"LAWRENCE , MO"
132154,"JAMES CITY , VA"
66610,"SWEETWATER , WY"
56036,"SHELBY , KY"
48295,"POTTER , PA"
154127,"WOOD , WI"
62161,"KERR , TX"
25680,"WALLACE , KS"
17052,"MOREHOUSE , LA"
6268,"WOLFE , KY"
1582,"HASKELL , KS"
5896,"KIOWA , CO"
148,"HARDING , NM"
51451,"GONZALES , TX"
1361259,"MADISON , MS"
2739190,"RICHLAND , SC"
14005,"CHEROKEE , KS"
184345,"WAYNE , IN"
472032,"BALDWIN , AL"
1076473,"RUTHERFORD , TN"
72849,"CERRO GORDO , IA"
16540,"ROBERTSON , TX"
513131,"CAPE MAY , NJ"
166727,"ST. LAWRENCE , NY"
370351,"SAN PATRICIO , TX"
218139,"BLOUNT , TN"
292952,"RUTLAND , VT"
53365,"ISLE OF WIGHT , VA"
349067,"MEDINA , OH"
152888,"WARE , GA"
16240,"BURNETT , WI"
120352,"LIVINGSTON PARISH , LA"
5156,"STILLWATER , MT"
26789,"GEM , ID"
93490,"VAL VERDE , TX"
57188,"WINDSOR , VT"
22650,"WASHINGTON , FL"
46907,"COOS , NH"
6142,"YUMA , CO"
9469,"SKAMANIA , WA"
161601,"BRADLEY , TN"
109444,"CARROLL , NH"
46202,"LOGAN , WV"
49351,"LAMOILLE , VT"
13221,"LEE , SC"
85074,"OCONEE , SC"
53540,"CRISP , GA"
11637,"MARTIN , KY"
14397,"MONTGOMERY , MS"
3498,"MCPHERSON , SD"
7934,"STOREY , NV"
3187,"JACKSON , LA"
1319,"POTTER , SD"
1069,"SHACKELFORD , TX"
23887,"CLOUD , KS"
493,"SIERRA , CA"
179,"SKAGWAY , AK"
291802,"JASPER , MO"
97951,"COLUMBUS , NC"
111208,"LIMESTONE , AL"
120432,"RUSK , TX"
29885,"CALDWELL , KY"
13362,"GRUNDY , MO"
12305,"JUNEAU CITY AND BOROUGH , AK"
8177,"JOHNSON , IL"
21953,"COTTONWOOD , MN"
748,"WORTH , MO"
1288,"MEADE , KS"
1633,"CARTER , MO"
693,"BIENVILLE , LA"
18663,"UINTA , WY"
3022,"SHARKEY , MS"
2357753,"POLK , IA"
12956074,"ORANGE , CA"
1002831,"CATAWBA , NC"
1412795,"MONTGOMERY , AL"
236205,"COLUMBIA , NY"
9838,"MCCULLOCH , TX"
2281700,"DANE , WI"
166575,"ROCKINGHAM , NC"
2922733,"TULSA , OK"
460019,"BRAZOS , TX"
292165,"HAMBLEN , TN"
68004,"PREBLE , OH"
364557,"WINNEBAGO , WI"
108514,"CHIPPEWA , WI"
67443,"LAURENS , GA"
71140,"SANILAC , MI"
16640,"LINCOLN , WI"
31840,"WINSTON , MS"
86562,"ALLEGAN , MI"
21414,"LAGRANGE , IN"
180406,"STODDARD , MO"
35332,"LOGAN , AR"
10739,"FLEMING , KY"
72514,"PHELPS , MO"
67072,
575,"COMANCHE , KS"
28547,"LINCOLN , NM"
36175,"LUNA , NM"
33679,"HOLT , NE"
3628,"HARPER , KS"
17292,"BUCHANAN , IA"
9431,"O'BRIEN , IA"
954,"FAULK , SD"
8315,"MARIPOSA , CA"
98,"WRANGELL CITY AND BOROUGH , AK"
188267,"LAUDERDALE , AL"
91149,"WALTON , FL"
9956,"TILLMAN , OK"
18487,"CLAY , KY"
47189,"LOGAN , IL"
23534,"SOMERSET , MD"
5161,"QUAY , NM"
6315,"SIERRA , NM"
11118,"GOLIAD , TX"
27110,"SUMMIT , CO"
196,"WHEELER , OR"
1240188,"SEMINOLE , FL"
8110960,"FRANKLIN , OH"
701509,"MANATEE , FL"
530831,"SCHUYLKILL , PA"
1504451,"MORRIS , NJ"
105485,"WASHINGTON , RI"
68522,"HOCKING , OH"
20789,"DREW , AR"
128079,"ROCKINGHAM , VA"
24613,"ASOTIN , WA"
398513,"CARROLL , MD"
33482,"WASCO , OR"
62175,"EMMET , MI"
178230,"CLAY , MN"
21051,"WILSON , KS"
137555,"DOUGLAS , OR"
127253,"SOMERSET , ME"
63186,"MEADE , KY"
163456,"UNION , AR"
21987,"PERRY , MO"
54230,"CAMDEN , MO"
64090,"MONTGOMERY , KY"
14926,"ARENAC , MI"
69428,"MAYES , OK"
46872,"FRANKLIN , NC"
32478,"ROSEAU , MN"
10181,"OBRIEN , IA"
10045,"MARION , AR"
19425,"GRANT , MN"
11577,"MARTIN , IN"
3252,"WHEELER , TX"
7885,"CUMBERLAND , KY"
4138,"KEARNY , KS"
15510,"LARUE , KY"
3512,"STEWART , GA"
93,"TENSAS , LA"
17588,"BIBB , AL"
2124,"COKE , TX"
132105,"PUTNAM , NY"
44953,"SCOTLAND , NC"
19861,"PHILLIPS , AR"
54418,"PIERCE , WI"
19933,"HUMPHREYS , TN"
3943,"WELLS , ND"
46273,"MORGAN , TN"
15342,"VERNON , LA"
3122,"TOOLE , MT"
24325,"RITCHIE , WV"
5648,"TRAILL , ND"
5646,"CARBON , MT"
9896,"DESHA , AR"
658,"LEMHI , ID"
16169,"HARRISON , IA"
166,"YUKON-KOYUKUK CENSUS AREA , AK"
275,"MARTINSVILLE CITY , VA"
283,"TERRELL , TX"
18095,"ATCHISON , KS"
8248,"KEARNEY , NE"
59165,"BARTON , KS"
6798,"CHARLTON , GA"
1563,"MEAGHER , MT"
425157,"JACKSON , IN"
21635788,"PHILADELPHIA , PA"
372325,"DELAWARE , OH"
426175,"ELLIS , TX"
368808,"CECIL , MD"
78236,"HENRY , IL"
56300,"ABBEVILLE , SC"
2449,"MINERAL , NV"
136275,"WALTON , GA"
72398,"MADISON , ID"
23573,"MARION , MS"
112246,"RUTHERFORD , NC"
159545,"LENAWEE , MI"
77634,"BOONE , IN"
22445,"WASHINGTON , AL"
24738,"FRANKLIN PARISH , LA"
47139,"LAFAYETTE , MO"
135525,"WASHINGTON , VA"
8895,"HARNEY , OR"
22596,"HOLMES , MS"
42173,"CALDWELL , TX"
21553,"OTSEGO , MI"
71799,"MCCONE , MT"
31593,"MALHEUR , OR"
16357,"WASHBURN , WI"
9938,"CEDAR , IA"
4171,"PICKETT , TN"
7166,"ALEXANDER , IL"
5293,"MELLETTE , SD"
1638,"GRAY , KS"
4335216,"MIDDLESEX , NJ"
64617,"BUTLER , KS"
20770,"TUNICA , MS"
13769,"BLANCO , TX"
188286,"DAVISON , SD"
4451,"GATES , NC"
45460,"HAMPTON , SC"
4174,"CLEAR CREEK , CO"
11757,"ROCKBRIDGE , VA"
7095,"UPTON , TX"
37795,"KOOCHICHING , MN"
1238,"PHILLIPS , MT"
1971,"VALDEZ CORDOVA , AK"
3774,"PERSHING , NV"
8360,"LAKE , MI"
10792,"MENIFEE , KY"
24842,"MOODY , SD"
8967,"HUERFANO , CO"
2458439,"VIRGINIA BEACH CITY , VA"
7560027,"MECKLENBURG , NC"
5615950,"MIDDLESEX , MA"
52907,"FRANKLIN , IN"
55349,"SAUNDERS , NE"
2512980,"HIDALGO , TX"
1805459,"RAMSEY , MN"
312422,"COLES , IL"
15869,"LEE , GA"
84064,"WHITE , IN"
110814,"VAN BUREN , MI"
17828,"ANDREW , MO"
203181,"JEFFERSON , OH"
21158,"SAN JACINTO , TX"
52788,"LINCOLN , MS"
16552,"CONWAY , AR"
6078,"HUGHES , OK"
28788,"FRANKLIN , GA"
38250,"BEDFORD , VA"
21807,"LANGLADE , WI"
12552,"MURRAY , MN"
9560,"BRADLEY , AR"
8940,"BUCKINGHAM , VA"
14207,"WAYNE , IL"
2142,"KIOWA , OK"
4488,"DODDRIDGE , WV"
3252,"GOLDEN VALLEY , MT"
3661,"HOONAH ANGOON , AK"
552488,"CHESTERFIELD , VA"
559876,"BARNSTABLE , MA"
41911,"BLOUNT , AL"
8809,"BROOKS , TX"
14921,"LEWIS , KY"
10541,"POWELL , KY"
4077,"NUCKOLLS , NE"
3674,"LEE , AR"
753786,"CLAYTON , GA"
62356,"BELL , KY"
72153,"POSEY , IN"
250764,"RACINE , WI"
448130,"PINAL , AZ"
577679,"WAYNESBORO CITY , VA"
759694,"UTAH , UT"
17045,"ANDERSON , KY"
295004,"CHRISTIAN , IL"
264267,"ORANGEBURG , SC"
157131,"HOWARD , IN"
100178,"BROWN , TX"
186065,"CARTER , OK"
24297,"TISHOMINGO , MS"
41095,"HANCOCK , WV"
67025,"VENANGO , PA"
38603,"CASS , MN"
18110,"PIATT , IL"
2674,"SAN JUAN , UT"
936,"EDDY , ND"
6782,"DALLAM , TX"
97122,"DALLAS , IA"
27157,"RADFORD CITY , VA"
23003,"CLARKE , IA"
30814,"SHELBY , IA"
15811,"CLEBURNE , AR"
94467,"SAINT CROIX , WI"
52381,"AMADOR , CA"
2038,"HENDERSON , IL"
864,"COSTILLA , CO"
495,"GARFIELD , NE"
57,"BETHEL , AK"
18513,"WEBSTER , WV"
9838,"CRANE , TX"
4926,"WILKINSON , GA"
3225,"NEWTON , AR"
1442,"FISHER , TX"
14964,"MARSHALL , SD"
515,"COLUMBIA , WA"
3442575,"ALLENDALE , SC"
2580465,"PIERCE , WA"
68055,"CARROLL , TN"
126273,"IRON , UT"
658734,"BELL , TX"
332783,"SCOTT , IA"
41304,"MONROE , MS"
3240885,"MONROE , NY"
1021726,"SPOKANE , WA"
497629,"CHAMPAIGN , IL"
391156,"WOOD , WV"
14893,"ADAMS , WA"
29568,"ANDREWS , TX"
102328,"CLINTON , PA"
113655,"BUTLER , MO"
11298,"LIVE OAK , TX"
44483,"YELL , AR"
83669,"OLDHAM , KY"
39599,"FRIO , TX"
70856,"MARTIN , NC"
97334,"JEFFERSON , IN"
41437,"PANOLA , TX"
12272,"LINCOLN , WA"
72799,"GRENADA , MS"
44818,"VAN ZANDT , TX"
10219,"CHILDRESS , TX"
40849,"MARENGO , AL"
16628,"CASWELL , NC"
8104,"WEST CARROLL PARISH , LA"
3915,"CHASE , NE"
4542,"CLEARWATER , ID"
796,"SWEET GRASS , MT"
1198,"GRANITE , MT"
2481,"GRANT , NE"
397328,"CHESAPEAKE CITY , VA"
116988,"WASHINGTON , NY"
119025,"ADAMS , IL"
180152,"NEWTON , MO"
246276,"SUMTER , FL"
53843,"HARDIN , OH"
109660,"OZAUKEE , WI"
13107,"SUSSEX , VA"
20412,"LASALLE PARISH , LA"
8461,"STANTON , NE"
1222,"CHASE , KS"
5328,"SAN AUGUSTINE , TX"
19530,"LOVE , OK"
9433,"PHILLIPS , KS"
493129,"BOONE , MO"
1822816,"NEW HANOVER , NC"
4427806,"LOUDOUN , VA"
1224158,"NASH , NC"
768473,"SAN LUIS OBISPO , CA"
358905,"JOHNSON , IN"
875645,"JEFFERSON , TX"
562878,"ROWAN , NC"
2006676,"GUILFORD , NC"
750632,"SULLIVAN , TN"
80897,"BRADFORD , FL"
70031,"CARROLL , IA"
403791,"ST. TAMMANY PARISH , LA"
308326,"ULSTER , NY"
135452,"MIAMI , IN"
121300,"PLATTE , MO"
364485,"MORGAN , AL"
726913,"DOA ANA , NM"
90365,"HENDERSON , TX"
85282,"MARSHALL , IN"
246625,"BOWIE , TX"
84433,"OKTIBBEHA , MS"
78957,"MONTGOMERY , IN"
26387,"CRAIG , OK"
38381,"BARBOUR , AL"
214659,"MADISON , IN"
26381,"MONROE , KY"
7688,"ATKINSON , GA"
32968,"BARRY , MI"
93509,"FRANKLIN , NY"
22072,"CHURCHILL , NV"
46142,"STEVENS , WA"
31077,"BOONE , IA"
11098,"ZAPATA , TX"
19754,"CURRY , OR"
23828,"STE. GENEVIEVE , MO"
1955,"FERRY , WA"
8854,"MONROE , WV"
6926,"AITKIN , MN"
2158,"LAMOURE , ND"
925,"DENALI , AK"
416939,"SONOMA , CA"
367642,"BONNEVILLE , ID"
47306,"TIOGA , PA"
39320,"HARVEY , KS"
57558,"LYON , KS"
202687,"DOUGLAS , GA"
96850,"POLK , TX"
34220,"GREENE , IN"
46515,"CLAIBORNE , TN"
1563,"LAFAYETTE , FL"
341681,"POPE , AR"
24765,"SCREVEN , GA"
49517,"MITCHELL , KS"
1793,"GREER , OK"
17463,"MONTAGUE , TX"
14764,"KARNES , TX"
13503,"PRESQUE ISLE , MI"
11673,"FLOYD , VA"
6875,"MAJOR , OK"
155,"ROCK , NE"
38162,"JOHNSON , AR"
13027,"PATRICK , VA"
70724,"NORTON , KS"
3840,"ST. CLAIR , MO"
4905,"CLAY , NE"
3653,"HARLAN , NE"
22058,"BEAUREGARD , LA"
8850845,"WAYNE , MI"
1033962,"HILLSBOROUGH , NH"
2908917,"DUPAGE , IL"
1052216,"MONTGOMERY , TX"
8647,"LONG , GA"
102607,"WASHINGTON PARISH , LA"
558950,"SMITH , TX"
35453,"GARFIELD , CO"
139335,"LASALLE , IL"
1176535,"YORK , PA"
572693,"MACON , IL"
442614,"BENTON , AR"
121700,"WILLIAMSBURG , SC"
92443,"FAYETTE , OH"
28237,"VILAS , WI"
19406,"CASS , TX"
174480,"CAPE GIRARDEAU , MO"
444328,"CARBON , PA"
16037,"FLUVANNA , VA"
90447,"PEARL RIVER , MS"
88670,"LANCASTER , SC"
8136,"GLADES , FL"
99680,"GREENE , NY"
59102,"BLACKFORD , IN"
66318,"PETTIS , MO"
35662,"PAYETTE , ID"
12772,"JACKSON , KY"
14547,"COLEMAN , TX"
1132,"COTTLE , TX"
2423,"LEE , KY"
553,"TOWNER , ND"
1514,"SUBLETTE , WY"
138,"KING , TX"
1806,"NORTH SLOPE BOROUGH , AK"
102245,"RICE , MN"
109211,"MORTON , ND"
3982,"CROCKETT , TX"
16925,"JEFFERSON , OR"
42130,"IROQUOIS , IL"
146929,"MARION , OH"
8762,"MCINTOSH , OK"
28056,"HARRIS , GA"
61449,"HYDE , SD"
16445,"GRANT , AR"
14351,"SAINT BERNARD , LA"
801,"EDWARDS , KS"
100452,"GIBSON , TN"
15250,"PULASKI , GA"
16237,"MEIGS , OH"
120230,"YAMHILL , OR"
2027563,"RICHMOND , NY"
120680,"SANDOVAL , NM"
614736,"MONONGALIA , WV"
56178,"WALLER , TX"
118201,"COFFEE , TN"
57881,"SCOTT , IN"
46054,"FRANKLIN , AL"
57631,"NEVADA , CA"
42844,"MAGOFFIN , KY"
35099,"NICOLLET , MN"
23901,"LINCOLN , KY"
2001341,"ORLEANS , LA"
66504,"MARINETTE , WI"
5709,"JEFFERSON , MT"
53116,"NATCHITOCHES PARISH , LA"
156772,"ORANGE , TX"
53227,"DALLAS , MO"
26158,"ROCKCASTLE , KY"
44766,"OSAGE , OK"
108061,"ISLAND , WA"
15725,"GALLATIN , KY"
194450,"LAWRENCE , SD"
47984,"HAYWOOD , TN"
67850,"WILLACY , TX"
87256,"MCMINN , TN"
152245,"HUNTINGDON , PA"
24630,"IOWA , WI"
34228,"LAWRENCE , KY"
31062,"WEXFORD , MI"
26126,"NEMAHA , NE"
145014,"LAFOURCHE , LA"
13614,"BROWN , KS"
5849,"THURSTON , NE"
2607,"GARZA , TX"
6904,"PARK , MT"
3404,"HASKELL , TX"
949,"GLASCOCK , GA"
301,"CLARK , KS"
845085,"CHITTENDEN , VT"
40711,"HENRY , TN"
86472,"PUTNAM , OH"
58870,"KAY , OK"
6618,"MADISON , VA"
62805,"EDGECOMBE , NC"
4043,"GILMER , WV"
149175,"CALEDONIA , VT"
93947,"LINCOLN , ME"
47886,"UNION , SD"
5141,"KODIAK ISLAND , AK"
18170,"WINSTON , AL"
58058,"CAMAS , ID"
14824,"OCHILTREE , TX"
7105,"CLINCH , GA"
8497,"KLICKITAT , WA"
1278,"SCHLEICHER , TX"
38559,"QUEEN ANNES , MD"
661,"LEWIS , ID"
6204,"ALLEN , LA"
17113,"RED RIVER , TX"
3780,"SCOTLAND , MO"
686,"LINCOLN , KS"
6368340,"DAVIDSON , TN"
4032798,"MULTNOMAH , OR"
8919114,"ORANGE , FL"
479023,"ALLEN , OH"
51773,"HARDIN , TN"
162276,"BEAUFORT , NC"
151290,"MONTGOMERY , VA"
240118,"YOLO , CA"
516387,"CHARLOTTE , FL"
1807668,"NEW CASTLE , DE"
47431,"ARANSAS , TX"
43552,"NYE , NV"
522016,"FRANKLIN , PA"
725314,"OLMSTED , MN"
56326,"DORCHESTER , MD"
56358,"WOODWARD , OK"
204730,"COCONINO , AZ"
188735,"MARION , WV"
59176,"KNOX , IL"
12451,"CARBON , WY"
24301,"BUENA VISTA , IA"
22465,"WILKES , GA"
6313,"HOLT , MO"
20797,"CHOCTAW , AL"
20641,"CONCORDIA PARISH , LA"
61270,"LEE , IL"
208330,"BOSSIER , LA"
25316,"LE SUEUR , MN"
41789,"MERCER , MO"
19942,"MARSHALL , KS"
9617,"BAYFIELD , WI"
5009,"HAAKON , SD"
1795,"GARFIELD , WA"
821231,"FLORENCE , SC"
58075,"HIGHLAND , OH"
16715,"SPENCER , KY"
31648,"JACKSON , TX"
59698,"LE FLORE , OK"
8223,"SOUTHAMPTON , VA"
953,"MENOMINEE , WI"
9666,"MARSHALL , MN"
8853282,"CLARK , NV"
5175210,"PALM BEACH , FL"
1031033,"DAUPHIN , PA"
825378,"WASHINGTON , OR"
1826522,"ARLINGTON , VA"
95883,"IBERIA PARISH , LA"
530391,"ALBEMARLE , VA"
6910,"PARMER , TX"
222076,"TANGIPAHOA PARISH , LA"
133779,"GREENE , AR"
68282,"GRANT , NM"
34268,"AUSTIN , TX"
252898,"CALHOUN , MI"
33819,"MARSHALL , TN"
150989,"STARK , ND"
15294,"WINKLER , TX"
16307,"REPUBLIC , KS"
67660,"HOOD , TX"
17873,"JEFFERSON , GA"
27187,"LEWIS , NY"
27657,"NOBLES , MN"
463332,"SAINT LOUIS , MN"
49743,"LINCOLN , LA"
17872,"ALLEN , KS"
15137,"BIENVILLE PARISH , LA"
10514,"NORMAN , MN"
20698,"POLK , NC"
12991,"RABUN , GA"
568,"SOUTHEAST FAIRBANKS CENSUS AREA , AK"
8629,"ELBERT , CO"
6810,"WASHITA , OK"
3030,"SABINE , LA"
263,"NORTHWEST ARCTIC BOROUGH , AK"
261877,"COLUMBIANA , OH"
39732,"EAGLE , CO"
106601,"TITUS , TX"
393583,"SOMERSET , PA"
41534,"LYON , NV"
4911,"ROOKS , KS"
1927,"TYRRELL , NC"
4384259,"MILWAUKEE , WI"
1332554,"LACKAWANNA , PA"
130233,"HUGHES , SD"
61922,"DELAWARE , OK"
2090935,"KENT , MI"
2242068,"KANAWHA , WV"
443150,"THURSTON , WA"
28306,"DEAF SMITH , TX"
1078102,"GENESEE , MI"
142849,"MADISON , KY"
158954,"MONROE , FL"
66240,"ST. CHARLES PARISH , LA"
85092,"GREENWOOD , SC"
213080,"DAVIDSON , NC"
40754,"CHEROKEE , OK"
50954,"MILLER , AR"
77478,"SHERBURNE , MN"
18047,"CLAY , IL"
18493,"JOHNSTON , OK"
19064,"WRIGHT , MO"
192487,"SALEM , NJ"
103494,"WILLIAMS , OH"
14334,"BENTON , MO"
18962,"RAY , MO"
6449,"WALLOWA , OR"
34265,"RANDOLPH , IN"
59720,"CASS , IA"
1871,"OTTAWA , KS"
61287,"TETON , MT"
40666,"TUCKER , WV"
68666,"CHEROKEE , AL"
30994,"PIKE , IL"
5836,"BENTON , MS"
22216,"TRIPP , SD"
7514,"PERKINS , NE"
8491,"WORTH , IA"
1223,"CUSTER , ID"
428,"RAWLINS , KS"
1821996,"BERKS , PA"
22557,"WASATCH , UT"
7393,"GUADALUPE , NM"
255854,"WILLIAMS , ND"
17815,"ESTILL , KY"
100279,"PASQUOTANK , NC"
35322,"COLUMBIA , OR"
53830,"MASON , WV"
29998,"FENTRESS , TN"
9870,"LINCOLN , AR"
11923,"CHEROKEE , NC"
12422,"UNION , KY"
35928,"GILLESPIE , TX"
2208,"MONROE , MO"
12358,"BRUNSWICK , VA"
12886,"GRANT , SD"
675,"EMMONS , ND"
4919,"MORA , NM"
4272,"HIGHLAND , VA"
13520,"BAILEY , TX"
82798,"WAYNE , PA"
3879,"ELLIS , OK"
989,"EAST CARROLL , LA"
94,"LOGAN , NE"
5809682,"DUVAL , FL"
9281684,"SAN FRANCISCO , CA"
96248,"POWHATAN , VA"
1151974,"MONTEREY , CA"
184633,"CLEVELAND , NC"
206339,"TAZEWELL , IL"
298164,"WILSON , TN"
1149144,"LUZERNE , PA"
6010,"MOFFAT , CO"
115358,"COLLETON , SC"
111844,"LAMAR , MS"
857285,"WASHINGTON , MD"
93911,"YAZOO , MS"
32327,"WEST BATON ROUGE PARISH , LA"
13038,"ASSUMPTION PARISH , LA"
276233,"CANYON , ID"
263970,"FRANKLIN , MA"
509331,"CALCASIEU PARISH , LA"
413849,"LARIMER , CO"
172309,"COOKE , TX"
85540,"GRANT , WI"
72002,"FANNIN , GA"
29493,"JUNIATA , PA"
71306,"STEVENS , MN"
20908,"MCLEAN , ND"
1787,"SHANNON , SD"
21836,"MAHNOMEN , MN"
920,"HOOKER , NE"
3354158,"DENVER , CO"
117951,"COAHOMA , MS"
92425,"CHESTERFIELD , SC"
23809,"ROANE , WV"
33216,"SIMPSON , KY"
4017,"BEAR LAKE , ID"
32345,"MCDOWELL , WV"
4826,"KIOWA , KS"
14252,"MARQUETTE , WI"
2737,"DEWEY , SD"
2065,"CARIBOU , ID"
2746,"DICKENS , TX"
97,"SLOPE , ND"
2349972,"PULASKI , AR"
1270252,"SARASOTA , FL"
1041047,"JEFFERSON , CO"
3566454,"TRAVIS , TX"
322934,"CRAWFORD , PA"
2200013,"MONTGOMERY , PA"
4480377,"BALTIMORE , MD"
494403,"ONEIDA , NY"
327332,"MADERA , CA"
571779,"TIPPECANOE , IN"
3178,"NEVADA , AR"
159351,"DUBUQUE , IA"
200202,"ERIE , OH"
99802,"UNION , OH"
63893,"CLARENDON , SC"
51241,"GALLIA , OH"
117294,"ALPENA , MI"
61792,"SUSQUEHANNA , PA"
70286,"CALAVERAS , CA"
69954,"LAWRENCE , IL"
14339,"WARREN , IL"
61236,"IONIA , MI"
117849,"CLAY , IA"
38066,"ESSEX , NY"
16886,"SALINE , MO"
5764,"CRITTENDEN , KY"
20650,"OCONTO , WI"
8651,"BUTLER , IA"
3580,"WABAUNSEE , KS"
2714,"ECHOLS , GA"
2838,"CROWLEY , CO"
14546,"LAMPASAS , TX"
14208,"HARRISON , MO"
650,"BETHEL CENSUS AREA , AK"
3971,"HIDALGO , NM"
14222,"DUNDY , NE"
5109,"COLLINGSWORTH , TX"
92,"ARTHUR , NE"
1510422,"WILL , IL"
107137,"COLORADO , TX"
583159,"KALAMAZOO , MI"
71395,"COLQUITT , GA"
140126,"LAWRENCE , OH"
128588,"ST. FRANCOIS , MO"
69562,"MORGAN , KY"
8922,"COMANCHE , TX"
157469,"LINCOLN , NE"
68800,"DOUGLAS , IL"
6201,"MATHEWS , VA"
20633,"PAGE , VA"
7113,"MITCHELL , TX"
3680,"GOSHEN , WY"
4965,"LINCOLN , MN"
2680,"DEWEY , OK"
1363,"LYMAN , SD"
11902,"JEFFERSON , IA"
6267,"POLK , AR"
1755,"HODGEMAN , KS"
4399889,"MONTGOMERY , OH"
396678,"BRUNSWICK , NC"
799369,"MARION , FL"
343386,"CHARLES , MD"
884837,"MAHONING , OH"
51758,"SCOTT , KY"
113987,"MIDLAND , MI"
885686,"WILLIAMSON , TX"
609535,"BUTTE , CA"
22803,"TEXAS , MO"
65550,"MAHASKA , IA"
299782,"JACKSON , IL"
23984,"COOK , GA"
66497,"HOKE , NC"
67808,"NICHOLAS , WV"
9191,"LYON , IA"
58692,"MATANUSKA-SUSITNA BOROUGH , AK"
140931,"JEFFERSON , WV"
13494,"EMMET , IA"
34055,"UNION , MS"
34607,"TAOS , NM"
33839,"TRANSYLVANIA , NC"
132243,"SANDUSKY , OH"
7483,"POPE , MN"
22209,"BOURBON , KY"
862671,"EAST BATON ROUGE , LA"
10918,"IRON , MI"
30400,"BROWN , OH"
21683,"UNICOI , TN"
5272,"VALLEY , ID"
18124,"FLOYD , IA"
7026,"JUAB , UT"
7878,"PIPESTONE , MN"
7260,"DIXIE , FL"
341141,"DAVIS , UT"
25433,"FREESTONE , TX"
183494,"PUTNAM , WV"
39610,"BOONE , WV"
31267,"GARVIN , OK"
34951,"SWAIN , NC"
9498,"FALL RIVER , SD"
15870,"BARNWELL , SC"
6401,"ZAVALA , TX"
128150,"HOOD RIVER , OR"
34847,"SEMINOLE , OK"
68015,"WEBSTER , LA"
24950,"BIG HORN , WY"
42137,"GLADWIN , MI"
15419,"WALSH , ND"
11024,"CLAY , AR"
12644,"ALLAMAKEE , IA"
4875,"LAMAR , AL"
1965,"WASHINGTON , CO"
2574,"CARLISLE , KY"
1696,"MCINTOSH , ND"
7104,"CLAY , TN"
1880850,"RICHMOND , GA"
1704936,"RICHMOND CITY , VA"
1082862,"BURLINGTON , NJ"
322785,"BLACK HAWK , IA"
176480,"PAULDING , GA"
270483,"ASCENSION PARISH , LA"
129325,"GRUNDY , IL"
221894,"CHENANGO , NY"
34302,"CARROLL , VA"
549237,"HARFORD , MD"
43828,"MONTROSE , CO"
166209,"BARREN , KY"
194576,"ANGELINA , TX"
58278,"COPIAH , MS"
235759,"WINDHAM , CT"
120144,"WILKES , NC"
160129,"STEUBEN , IN"
53281,"OBION , TN"
45373,"GEARY , KS"
94027,"NASSAU , FL"
11199,"NELSON , VA"
29804,"BEAUREGARD PARISH , LA"
63327,"BARRY , MO"
32919,"HARRISON , OH"
15699,"BERRIEN , GA"
39680,"BREMER , IA"
11295,"JONES , NC"
45552,"HARDIN , IA"
7369,"NEMAHA , KS"
19082,"CRAWFORD , WI"
17713,"HOLMES , OH"
3951,"NORTHUMBERLAND , VA"
271964,"LA SALLE , IL"
5635,"PUTNAM , IL"
2012382,"PIMA , AZ"
53707,"MINGO , WV"
39591,"EMANUEL , GA"
3930,"VAN BUREN , TN"
3110,"COFFEY , KS"
29130,"UNION , GA"
4849,"OSCODA , MI"
13732,"STAUNTON CITY , VA"
3552,"SAINT JAMES , LA"
168,"SIOUX , NE"
2216,"EDMUNDS , SD"
13130,"CHEROKEE , IA"
6961,"OGLETHORPE , GA"
1646,"HAINES , AK"
3218,"OLIVER , ND"
47393,"MATANUSKA SUSITNA , AK"
3620,"HARTLEY , TX"
905687,"WASHINGTON , TN"
6424649,"JACKSON , MO"
195804,"SCOTT , MN"
1604513,"LANCASTER , NE"
112700,"KNOX , ME"
221673,"AUGLAIZE , OH"
992988,"ORANGE , NY"
3373961,"OAKLAND , MI"
1152900,"BIBB , GA"
328831,"CENTRE , PA"
1618796,"ERIE , PA"
184084,"FREDERICKSBURG CITY , VA"
30335,"PLAQUEMINES PARISH , LA"
59323,"GILA , AZ"
143877,"RANDALL , TX"
29845,"CHAMPAIGN , OH"
192656,"JACKSON , OH"
480098,"ELKHART , IN"
18737,"TEXAS , OK"
236422,"LIBERTY , GA"
155005,"LAPORTE , IN"
55411,"PANOLA , MS"
35735,"GRAY , TX"
38081,"LETCHER , KY"
20307,"POINSETT , AR"
18500,"DE WITT , IL"
1679,"QUITMAN , GA"
94030,"LABETTE , KS"
32162,"RUSSELL , VA"
2349,"FRANKLIN , LA"
19943,"DEWITT , TX"
3801,"WAYNE , MO"
4147,"LIBERTY , FL"
158,"PETERSBURG CENSUS AREA , AK"
106241,"KANDIYOHI , MN"
34393,"DEL NORTE , CA"
8634,"TRINITY , TX"
58392,"BEE , TX"
15756,"RENVILLE , MN"
12734,"TYLER , WV"
58029,"CHESTER , SC"
7635,"OSAGE , KS"
9209,"LAC QUI PARLE , MN"
5718,"DAVIESS , MO"
13626,"KNOX , MO"
1213,"GOSPER , NE"
1388,"STERLING , TX"
41379965,"COOK , IL"
4314594,"ERIE , NY"
190949,"BERKELEY , WV"
393001,"GUADALUPE , TX"
420658,"ANCHORAGE MUNICIPALITY , AK"
79383,"CARSON CITY , NV"
16695,"MILLS , TX"
45719,"ADAMS , IN"
11602,"ADAMS , WI"
9653,"CHATTAHOOCHEE , GA"
54811,"PULASKI , VA"
11404,"WASHINGTON , ID"
612,"WHEELER , NE"
88861,"WALLA WALLA , WA"
88314,"COSHOCTON , OH"
697937,"LANE , OR"
136242,"MARSHALL , WV"
31495,"FAIRFIELD , SC"
37848,"LAWRENCE , AL"
270074,"ROBESON , NC"
70780,"GARRETT , MD"
224267,"ARMSTRONG , PA"
32128,"CLINTON , IL"
55025,"MURRAY , OK"
39357,"MORRISON , MN"
29683,"DELTA , MI"
11678,"TAYLOR , WI"
188835,"NEOSHO , KS"
38094,"LYON , MN"
99705,"MEADE , SD"
2523,"HANCOCK , TN"
3837,"TRINITY , CA"
1615,"BROADWATER , MT"
4444,"TODD , SD"
3889,"DE BACA , NM"
161884,"WALKER , TX"
18575,"HUTCHINSON , SD"
37449,"WASHINGTON , IA"
50006,"DOUGLAS , NV"
70498,"RICHLAND , IL"
32720,"MCCURTAIN , OK"
10825,"SAINT JOSEPH , MI"
13807,"STANLEY , SD"
9329,"WEST FELICIANA , LA"
27706,"MACON , AL"
12571,"ATCHISON , MO"
10273,"BREATHITT , KY"
11216,"HOWARD , NE"
3302,"WEST BATON ROUGE , LA"
10865,"NEWTON , IN"
4036,"LAKE OF THE WOODS , MN"
136,"HAINES BOROUGH , AK"
459456,"BAY , FL"
1814630,"LEE , FL"
368324,"COMANCHE , OK"
5846594,"MONTGOMERY , MD"
2145838,"NORFOLK , MA"
279707,"RAPIDES PARISH , LA"
176592,"GLYNN , GA"
22733,"HICKORY , MO"
1184108,"LAKE , IL"
1746624,"COBB , GA"
14501,"JEFF DAVIS , GA"
26307,"SCOTT , TN"
646358,"PEORIA , IL"
52515,"BRISTOL , RI"
202220,"HUMBOLDT , CA"
10321,"SABINE PARISH , LA"
195181,"AIKEN , SC"
133534,"JIM WELLS , TX"
2793,"KINNEY , TX"
197934,"COCHISE , AZ"
164182,"PIKE , AL"
13550,"EARLY , GA"
47563,"BOX ELDER , UT"
73381,"HENDRY , FL"
15199,"HICKMAN , TN"
131985,"WASHINGTON , OK"
161364,"SUMTER , GA"
89072,"RANDOLPH , IL"
8360,"JENKINS , GA"
86301,"CASS , IL"
52441,"GRANT , KY"
9226,"TYLER , TX"
57531,"ORLEANS , NY"
15445,"BULLOCK , AL"
30164,"VERNON , MO"
13648,"HENRY , AL"
5143,"WALWORTH , SD"
59374,"JUNEAU , AK"
14098,"YANCEY , NC"
18737,"BENEWAH , ID"
2090,"NIOBRARA , WY"
964245,"KENT , DE"
105579,"CATOOSA , GA"
387369,"HOUSTON , AL"
208287,"KLAMATH , OR"
49261,"OUACHITA , AR"
185704,"AROOSTOOK , ME"
31529,"RUSH , IN"
4859,"CROOK , WY"
11123,"ADAIR , OK"
51982,"FULTON , IN"
499111,"STRAFFORD , NH"
7063,"DAWES , NE"
52468,"DUBOIS , IN"
10736,"PRATT , KS"
46635,"DECATUR , TN"
7059,"GASCONADE , MO"
2139,"SITKA CITY AND BOROUGH , AK"
54364,"BRANCH , MI"
18500,"JASPER , MS"
17066,"WEBSTER , KY"
10849,"MITCHELL , NC"
3903,"KODIAK ISLAND BOROUGH , AK"
3775,"SAINT CLAIR , MO"
1985005,"VENTURA , CA"
1835477,"SUMMIT , OH"
2975316,"ST. LOUIS , MO"
474268,"ANOKA , MN"
225671,"ORANGE , NC"
89137,"TIFT , GA"
684512,"BUNCOMBE , NC"
198111,"CORTLAND , NY"
4177,"FRANKLIN , NE"
227324,"HIGHLANDS , FL"
59208,"GALLATIN , MT"
3259,"MARION , KS"
47219,"CRAWFORD , KS"
35973,"TETON , WY"
37191,"WHITLEY , IN"
57615,"MUHLENBERG , KY"
12095,"CARROLL , MO"
31178,"EVANGELINE PARISH , LA"
13226,"LEWIS , TN"
584673,"CULPEPER , VA"
264330,"NATRONA , WY"
34720,"BOTETOURT , VA"
12591,"GRANT , WV"
24161,"OTOE , NE"
25563,"BACON , GA"
46041,"PLEASANTS , WV"
15695,"GILES , VA"
11283,"NANTUCKET , MA"
13343,"SOCORRO , NM"
23084,"DICKINSON , IA"
4848,"CHARLOTTE , VA"
490383,"POTTER , TX"
56643,"LEAVENWORTH , KS"
287765,"FRANKLIN , WA"
61682,"HOWARD , TX"
36498,"HARRISON , KY"
47607,"MASON , WA"
9465,"GRAND , CO"
36831,"OCONEE , GA"
38587,"WYOMING , NY"
12054,"SUMMERS , WV"
2193,"BAKER , GA"
32669,"GOOCHLAND , VA"
12797,"GLACIER , MT"
17984,"TODD , MN"
2248,"PULASKI , IL"
1119052,"LUBBOCK , TX"
7407345,"SAN BERNARDINO , CA"
323429,"COMAL , TX"
1055902,"DUTCHESS , NY"
412484,"WELD , CO"
167475,"COVINGTON , AL"
262849,"CRAIGHEAD , AR"
367987,"MIAMI , OH"
167414,"BULLITT , KY"
38328,"WARD , TX"
32795,"PICKENS , AL"
296274,"FLOYD , GA"
69133,"ORANGE , IN"
86210,"KLEBERG , TX"
52403,"HANCOCK , MS"
99435,"MECOSTA , MI"
81841,"NOBLE , IN"
243785,"PAYNE , OK"
103893,"LAURENS , SC"
25601,"SAN MIGUEL , NM"
9297,"CALLAHAN , TX"
23459,"CLAY , MS"
55306,"TERRY , TX"
4283,"CATAHOULA PARISH , LA"
497,"CALDWELL , LA"
71155,"TANGIPAHOA , LA"
5158,"HEARD , GA"
11783,"RICE , KS"
6572,"POCAHONTAS , IA"
2589,"CLEVELAND , AR"
1089,"SAINTE GENEVIEVE , MO"
196528,"SCOTT , MO"
190699,"SURRY , NC"
42730,"LOS ALAMOS , NM"
162122,"ASCENSION , LA"
248755,"WICOMICO , MD"
15129,"CHERRY , NE"
55209,"BARBOUR , WV"
15884,"OGEMAW , MI"
24435,"FAYETTE , IL"
7870,"HOLMES , FL"
1255,"ST. CROIX ISLAND , VI"
1848,"HAMLIN , SD"
184,"HAYES , NE"
254470,"WASHINGTON , MN"
7018,"JEFFERSON , FL"
35677,"SHOSHONE , ID"
16378,"WAYNE , KY"
17376,"CADDO , OK"
77695181,"NEW YORK , NY"
96940,"LAPEER , MI"
1555509,"ALLEN , IN"
159775,"PARKER , TX"
780549,"BAY , MI"
27352,"GREENE , NC"
264185,"HENDRICKS , IN"
68884,"DALE , AL"
439565,"CABELL , WV"
60427,"DARKE , OH"
320991,"MONTGOMERY , TN"
652601,"RALEIGH , WV"
44147,"MCKINLEY , NM"
195563,"LEA , NM"
56697,"CLARE , MI"
76074,"DES MOINES , IA"
59953,"HARLAN , KY"
84759,"SENECA , OH"
6148,"BUTLER , NE"
70847,"COOS , OR"
72291,"NAVAJO , AZ"
63615,"TAZEWELL , VA"
52350,"BUTLER , KY"
81180,"YUBA , CA"
11140,"WARREN , NC"
74986,"SAINT CLAIR , AL"
6386,"PULASKI , IN"
15069,"NOBLE , OK"
6517,"SAINT MARTIN , LA"
394,"PRINCE OF WALES-HYDER CENSUS AREA , AK"
708,"STANTON , KS"
780154,"ROCK ISLAND , IL"
379802,"LAKE , OH"
94339,"BELTRAMI , MN"
63712,"COLUMBIA , WI"
45442,"UVALDE , TX"
208728,"FULTON , NY"
10377,"WAUSHARA , WI"
95996,"MONROE , WI"
5869,"LANCASTER , VA"
32317,"WEBSTER , NE"
7967,"SCOTT , AR"
7717,"MIDDLESEX , VA"
367,"BLAINE , NE"
10650,"CUSTER , SD"
9904405,"BROWARD , FL"
4208855,"JEFFERSON , AL"
759338,"SAGINAW , MI"
511825,"HARDIN , KY"
518244,"ALEXANDRIA CITY , VA"
113865,"GORDON , GA"
56427,"DALLAS , AL"
87680,"LOWNDES , MS"
212034,"COFFEE , AL"
321928,"HENDERSON , NC"
12027,"NORTHAMPTON , VA"
56092,"TATE , MS"
290481,"RANKIN , MS"
90203,"MUSCATINE , IA"
109528,"CROW WING , MN"
137396,"FAIRBANKS NORTH STAR BOROUGH , AK"
998774,"KENTON , KY"
45576,"HALE , TX"
7374,"WIRT , WV"
40311,"HART , KY"
181521,"CORYELL , TX"
294572,"MERCER , PA"
40519,"ORANGE , VT"
31290,"BANDERA , TX"
46555,"BOYLE , KY"
140251,"RICHLAND , ND"
13196,"EDGEFIELD , SC"
19236,"GAGE , NE"
109504,"DEUEL , SD"
6951,"SAINT CHARLES , LA"
2872,"HANCOCK , GA"
7045,"WESTON , WY"
17394,"WASHAKIE , WY"
579659,"PLACER , CA"
10645,"CONEJOS , CO"
525863,"SANTA CRUZ , CA"
4736,"LIVINGSTON , KY"
12372,"MISSAUKEE , MI"
7532,"GRAYSON , VA"
33953,"SIMPSON , MS"
49723,"PALO ALTO , IA"
49436,"FAIRBANKS NORTH STAR , AK"
2740,"LIBERTY , MT"
4416,"LITTLE RIVER , AR"
19943,"CRENSHAW , AL"
1796,"KENEDY , TX"
3627,"CAVALIER , ND"
72684,"JOHNSON , KY"
101001,"NEZ PERCE , ID"
9520,"WINNESHIEK , IA"
7290,"WARREN , IN"
5276356,"FAIRFIELD , CT"
895731,"KANE , IL"
24500103,"KING , WA"
122278,"ISABELLA , MI"
3646816,"SALT LAKE , UT"
70104,"WOODFORD , KY"
231072,"WOODBURY , IA"
4896595,"HAMILTON , OH"
962,"MENARD , TX"
427819,"CLAY , FL"
47613,"COLONIAL HEIGHTS CITY , VA"
570267,"OUACHITA PARISH , LA"
159205,"FLOYD , IN"
79957,"TEHAMA , CA"
18289,"CLARKE , MS"
31559,"HOUSTON , MN"
6407,"LAKE , OR"
13877,"CLEBURNE , AL"
60177,"NOLAN , TX"
24279,"EASTLAND , TX"
96064,"COLUMBIA , AR"
115191,"COLE , MO"
47256,"DECATUR , IN"
19296,"JONES , IA"
64355,"FAYETTE , IN"
2711,"SUTTON , TX"
348739,"SAINT CLAIR , IL"
34614,"OHIO , KY"
3593,"HANSFORD , TX"
25731,"PISCATAQUIS , ME"
45444,"GRAHAM , AZ"
2287,"COTTON , OK"
10919,"IRWIN , GA"
4648,"PERKINS , SD"
2900,"KANE , UT"
2136,"WEBSTER , GA"
4050,"KINGMAN , KS"
198,"STEELE , ND"
14015,"PRINCE OF WALES HYDER , AK"
47314,"JASPER , IA"
170023,"WHITESIDE , IL"
230740,"GRAYSON , TX"
27070,"STOKES , NC"
9893,"CONECUH , AL"
29450,"SUMNER , KS"
61390,"LINCOLN , WV"
19392,"FRANKLIN , FL"
91344,"JEFFERSON , AR"
41829,"MORROW , OH"
5204,"TELFAIR , GA"
46463,"FRANKLIN , ME"
10101,"LYON , KY"
7804,"RINGGOLD , IA"
6302,"BATH , VA"
4782,"MILLARD , UT"
3409,"FLORENCE , WI"
430,"JUDITH BASIN , MT"
137116,"BEADLE , SD"
186,"NORTHWEST ARCTIC , AK"
17756,"MARSHALL , IL"
2478,"WRANGELL , AK"
12427649,"SUFFOLK , MA"
11394096,"SAN DIEGO , CA"
458815,"ST. CHARLES , MO"
1835122,"DOUGLAS , CO"
48343,"IBERVILLE PARISH , LA"
978350,"MADISON , AL"
806904,"BUTLER , OH"
51312,"ADAIR , MO"
66525,"MADISON , FL"
51701,"OKEECHOBEE , FL"
144240,"FAUQUIER , VA"
1631570,"SPARTANBURG , SC"
412607,"SUTTER , CA"
131653,"POLK , GA"
19605,"MISSISSIPPI , MO"
87852,"WRIGHT , MN"
36562,"MARTIN , MN"
66071,"HOPEWELL CITY , VA"
329033,"BROOMFIELD , CO"
49651,"WOODFORD , IL"
29288,"LOUISA , VA"
11612,"BOWMAN , ND"
53935,"SULLIVAN , NH"
9804,"KOSSUTH , IA"
34727,"AVOYELLES PARISH , LA"
26830,"SALINE , NE"
55330,"WARREN , IA"
102611,"CASS , MO"
28941,"CARROLL , AR"
32393,"OSCEOLA , MI"
14093,"ROUTT , CO"
43385,"RUSK , WI"
2516,"OGLALA LAKOTA , SD"
128,"WIBAUX , MT"
6555,"POLK , TN"
15384,"RICHARDSON , NE"
4161,"WEST CARROLL , LA"
3970,"CORSON , SD"
672,"PONDERA , MT"
84854,"ST. BERNARD PARISH , LA"
666953,"SANGAMON , IL"
409966,"PENOBSCOT , ME"
7066,"LANIER , GA"
8472,"ATOKA , OK"
8681,"GREENE , MS"
119754,"BANNOCK , ID"
32990,"MADISON , NC"
130656,"MACOUPIN , IL"
4229,"MORRIS , KS"
11874,"PHELPS , NE"
3544,"BRULE , SD"
4298,"VAN BUREN , IA"
2730,"PRESIDIO , TX"
10194,"JACKSON , MN"
44920,"KENAI PENINSULA , AK"
4700,"ALCONA , MI"
445,"PIUTE , UT"
17827,"CEDAR , MO"
17555,"GRUNDY , TN"
282,"TREASURE , MT"
3798615,"ALAMEDA , CA"
929481,"WINNEBAGO , IL"
636119,"CADDO PARISH , LA"
176750,"CRAVEN , NC"
68369,"ROANE , TN"
48345,"ACADIA PARISH , LA"
2658130,"GREENVILLE , SC"
25880,"WAYNE , GA"
439363,"GREGG , TX"
56102,"STARR , TX"
743894,"HAWAII , HI"
68268,"MISSISSIPPI , AR"
228238,"WILSON , NC"
13180,"WASHINGTON , IL"
368620,"CUMBERLAND , NJ"
217697,"MARIN , CA"
156281,"TWIN FALLS , ID"
74385,"VERMILION PARISH , LA"
321418,"GRAND TRAVERSE , MI"
143884,"BENTON , OR"
22728,"TAYLOR , WV"
10566,"HANCOCK , KY"
222341,"MUSKOGEE , OK"
49583,"STEPHENS , OK"
35847,"DAWSON , GA"
692055,"SAINT TAMMANY , LA"
12116,"ALGER , MI"
23780,"ACCOMACK , VA"
14730,"LATIMER , OK"
40599,"JACKSON , AR"
9409,"EVANS , GA"
11340,"CHIPPEWA , MN"
560,"DIVIDE , ND"
66739,"MADISON , NE"
20762,"CHOUTEAU , MT"
22665,"FOSTER , ND"
3247,"FOREST , WI"
3559,"CARROLL , IL"
456,"WHEATLAND , MT"
410705,"ROANOKE , VA"
265786,"OUTAGAMIE , WI"
34806,"ORANGE , VA"
472806,"OSWEGO , NY"
102840,"NORTON CITY , VA"
51987,"PRINCE GEORGE , VA"
16314,"HALE , AL"
7283,"MENARD , IL"
3027,"QUITMAN , MS"
21660,"AUDRAIN , MO"
23839,"FAYETTE , IA"
1699,"DEUEL , NE"
650,"POWDER RIVER , MT"
3343,"DUNN , ND"
2801,"SAN SABA , TX"
1010,"LANE , KS"
14358,"GREEN , KY"
413854,"CLAY , MO"
139931,"FRANKLIN , KY"
20710244,"ESSEX , NJ"
4396344,"BERGEN , NJ"
1034047,"WEBB , TX"
578746,"MUSKEGON , MI"
219183,"CARROLL , GA"
426831,"ROCK , WI"
129901,"WISE , TX"
184718,"PICKENS , SC"
64527,"CHESTER , TN"
65300,"VERNON , WI"
10514,"TETON , ID"
168175,"OTSEGO , NY"
44358,"FRANKLIN , IL"
146735,"CITRUS , FL"
44636,"WEBSTER , MO"
35593,"PITTSYLVANIA , VA"
14147,"JOHNSON , TN"
15822,"KALKASKA , MI"
49531,"CAMPBELL , VA"
24996,"WAKULLA , FL"
12185,"CALHOUN , AR"
30489,"PIKE , MO"
31159,"FRANKLIN , KS"
121988,"SAINT MARYS , MD"
38707,"SEQUOYAH , OK"
28886,"JO DAVIESS , IL"
38464,"MONTOUR , PA"
41133,"CHIPPEWA , MI"
1717,"WAHKIAKUM , WA"
7573,"PLUMAS , CA"
7496,"RICHLAND , WI"
149,"WADE HAMPTON CENSUS AREA , AK"
13071,"SWISHER , TX"
102899,"BROWN , SD"
107475,"FAYETTE , TN"
86545,"MACON , TN"
19413,"FANNIN , TX"
29338,"MIAMI , KS"
77919,"LOUDON , TN"
59023,"HAYWOOD , NC"
29430,"DESOTO , FL"
11579,"PUSHMATAHA , OK"
7860,"BATES , MO"
19741,"DAWSON , TX"
16991,"CANNON , TN"
665,"SHERIDAN , KS"
3390,"PAWNEE , NE"
3318,"HAMILTON , IL"
14848,"MACKINAC , MI"
8615,"LIVINGSTON , LA"
2667,"PUTNAM , MO"
123127,"DICKSON , TN"
12806,"SMITH , KS"
9167,"PROWERS , CO"
5057,"EDWARDS , IL"
173,"HARDING , SD"
229336,"JOHNSON , TX"
6573360,"RIVERSIDE , CA"
2840109,"CAMDEN , NJ"
455152,"MONROE , IN"
381085,"ST. LOUIS , MN"
749175,"OTTAWA , MI"
4346,"MONTGOMERY , AR"
250264,"KANKAKEE , IL"
867789,"LAFAYETTE PARISH , LA"
226927,"JACKSON , MS"
42445,"WINDHAM , VT"
104405,"GENESEE , NY"
128926,"BELMONT , OH"
508543,"CHAUTAUQUA , NY"
50972,"HART , GA"
53042,"FRANKLIN , TN"
8358,"MCCORMICK , SC"
4458,"CHARLES CITY , VA"
14701,"KING WILLIAM , VA"
21064,"HARDEMAN , TN"
118705,"JEFFERSON , PA"
129408,"SAINT LUCIE , FL"
30958,"MCCREARY , KY"
175417,"RENO , KS"
28298,"OVERTON , TN"
8860,"BOONE , NE"
23079,"MACON , MO"
2177,"LOVING , TX"
25174,"RICHLAND , MT"
9114,"PLAQUEMINES , LA"
130771,"DICKINSON , MI"
474528,"MCLEAN , IL"
54638,"WAUPACA , WI"
11778,"PAWNEE , OK"
47775,"NATCHITOCHES , LA"
11501,"BON HOMME , SD"
4974,"LYNN , TX"
2592,"SPINK , SD"
405503,"HUNTERDON , NJ"
335523,"CADDO , LA"
85189,"HILL , MT"
4351,"CULBERSON , TX"
1425,"CATAHOULA , LA"
1628527,"FORT BEND , TX"
1194449,"STARK , OH"
445351,"ST. JOSEPH , IN"
20012471,"DISTRICT OF COLUMBIA , DC"
1646916,"ONONDAGA , NY"
50235,"BURKE , GA"
2233646,"OCEAN , NJ"
1927418,"NORFOLK CITY , VA"
83539,"BOONE , AR"
59081,"HENRY , IN"
90176,"MONTGOMERY , IL"
617603,"WARREN , KY"
59196,"APPLING , GA"
198201,"ST. JOHNS , FL"
114438,"BLUE EARTH , MN"
80042,"WINONA , MN"
457604,"MERRIMACK , NH"
133097,"STANLY , NC"
55684,"SANPETE , UT"
9938,"MITCHELL , IA"
14688,"HEMPSTEAD , AR"
7670,"PENDLETON , KY"
26893,"PALO PINTO , TX"
59329,"CHEROKEE , SC"
19609,"MORGAN , GA"
8646,"GUNNISON , CO"
27743,"SANTA CRUZ , AZ"
5997,"ELLSWORTH , KS"
17984,"TAYLOR , FL"
13319,"GILCHRIST , FL"
43324,"CHAMBERS , AL"
32355,"AVOYELLES , LA"
20438,"GREENLEE , AZ"
20771,"PENDLETON , WV"
1332,"HEMPHILL , TX"
9484,"IDAHO , ID"
382369,"SHASTA , CA"
142997,"CAMPBELL , WY"
98611,"MERCER , OH"
19636,"CHEBOYGAN , MI"
64768,"DAVIESS , IN"
6067,"MARSHALL , OK"
19396,"BENTON , TN"
12213,"LAWRENCE , MS"
1738,"TALIAFERRO , GA"
23403,"CLARK , WI"
11953,"BRISTOL , VA"
13843,"BARTON , MO"
2853,"OKFUSKEE , OK"
4594,"GREELEY , KS"
5974,"ONEIDA , ID"
5086,"OZARK , MO"
1204,"JEWELL , KS"
159,"NOME CENSUS AREA , AK"
1322,"FOARD , TX"
99730,"STUTSMAN , ND"
10470,"OSAGE , MO"
65,"LAKE AND PENINSULA , AK"
6338889,"HONOLULU , HI"
35031141,"BRONX , NY"
110877,"TANEY , MO"
225010,"STAFFORD , VA"
344500,"WHITFIELD , GA"
303686,"WARD , ND"
1086099,"ST. LOUIS CITY , MO"
276631,"KENT , RI"
107380,"HALL , NE"
553080,"IREDELL , NC"
56617,"BUTLER , AL"
1528684,"WESTMORELAND , PA"
28915,"PONTOTOC , MS"
37313,"PERRY , PA"
63833,"PIKE , OH"
64162,"WARREN , TN"
332133,"WOOD , OH"
79938,"SAN BENITO , CA"
205712,"WILLIAMSON , IL"
259374,"STORY , IA"
56224,"STEPHENS , GA"
66540,"GALAX CITY , VA"
85564,"ROWAN , KY"
242477,"RAPIDES , LA"
25545,"COVINGTON , MS"
21670,"CURRITUCK , NC"
61327,"CRAWFORD , IA"
15550,"UINTAH , UT"
3705,"JIM HOGG , TX"
9309,"RANDOLPH , AR"
1411,"BROWN , NE"
6630,"HANCOCK , IA"
18013,"GULF , FL"
1792,"RICH , UT"
3865,"CASTRO , TX"
993,"BLAINE , MT"
46040,"REEVES , TX"
32618,"RAMSEY , ND"
10180,"FRANKLIN , MS"
116651,"LONOKE , AR"
9318,"NICHOLAS , KY"
2294,"LOGAN , KS"
7004,"PEMBINA , ND"
3149,"RICHMOND , VA"
5535,"OWYHEE , ID"
1546,"SIOUX , ND"
14946,"ROSEBUD , MT"
12,"CAMERON , LA"
60889410,"LOS ANGELES , CA"
469305,"UNION , NC"
237818,"YAVAPAI , AZ"
14078,"BUFFALO , WI"
17322,"LAVACA , TX"
287840,"PORTSMOUTH CITY , VA"
68229,"ONEIDA , WI"
103069,"MANITOWOC , WI"
80217,"MONTGOMERY , NC"
62358,"GRATIOT , MI"
120444,"MARSHALL , AL"
14118,"MEEKER , MN"
62568,"CASS , IN"
13397,"IRON , MO"
105615,"PERSON , NC"
34535,"HARALSON , GA"
39745,"FULTON , IL"
17010,"CHARLES MIX , SD"
104185,"ELKO , NV"
54254,"DILLON , SC"
131713,"BARTHOLOMEW , IN"
33235,"WINCHESTER CITY , VA"
104574,"WHARTON , TX"
197330,"SAINT CLAIR , MI"
23677,"ANSON , NC"
25857,"KANABEC , MN"
18251,"BRAXTON , WV"
17844,"LAMB , TX"
10623,"REFUGIO , TX"
4455,"ROLETTE , ND"
3431,"FERGUS , MT"
1682,"HAMILTON , NY"
681119,"PUEBLO , CO"
181358,"GREENE , TN"
128222,"POLK , OR"
22612,"CARROLL , IN"
57863,"WYTHE , VA"
34833,"BROWN , MN"
4671,"TODD , KY"
19140,"MONTGOMERY , IA"
7447,"DONIPHAN , KS"
8569,"ROOSEVELT , NM"
882,"AURORA , SD"
34561,"JEFFERSON DAVIS PARISH , LA"
303,"GARFIELD , MT"
37,"BANNER , NE"
29649434,"DALLAS , TX"
665175,"PENNINGTON , SD"
364882,"DESOTO , MS"
996492,"PASCO , FL"
204808,"TERREBONNE PARISH , LA"
447461,"YAKIMA , WA"
261717,"ST. CLAIR , MI"
215918,"SUSSEX , NJ"
489156,"YORK , SC"
241270,"MESA , CO"
1311184,"MINNEHAHA , SD"
536395,"MOHAVE , AZ"
48622,"SEWARD , KS"
3543,"TALBOT , GA"
294877,"TUSCARAWAS , OH"
77173,"CALLAWAY , MO"
196968,"GRAND FORKS , ND"
49950,"EDGAR , IL"
94776,"MONTCALM , MI"
67200,"PLYMOUTH , IA"
11988,"POWER , ID"
57038,"GREENBRIER , WV"
76191,"SCOTT , VA"
107800,"WEAKLEY , TN"
92709,"SILVER BOW , MT"
8934,"CLINTON , KY"
49045,"STEELE , MN"
47025,"SALINE , IL"
73886,"SAINT LANDRY , LA"
16460,"CRAWFORD , IL"
28180,"MILLS , IA"
81117,"RILEY , KS"
25425,"FALLS , TX"
24640,"FREMONT , IA"
7641,"CRAWFORD , IN"
21595,"RIPLEY , MO"
2281,"MASON , TX"
9503,"DEWITT , IL"
2827,"GRANT , LA"
81,"ST. JOHN ISLAND , VI"
9638,"TURNER , SD"
181002,"MERCER , WV"
40328,"GRAYSON , KY"
42857,"GADSDEN , FL"
99828,"CLARION , PA"
28922,"BOND , IL"
62401,"CLARK , KY"
24704,"VERMILLION , IN"
19726,"RED WILLOW , NE"
10262,"JACKSON , WI"
4712,"CLAIBORNE , LA"
6360,"GENTRY , MO"
2767,"SEARCY , AR"
2708,"GLASSCOCK , TX"
1007,"ARMSTRONG , TX"
376,"BUFFALO , SD"
69523,"WARREN , MS"
11684979,"HILLSBOROUGH , FL"
690366,"BRAZORIA , TX"
478020,"TOM GREEN , TX"
137481,"PENDER , NC"
1494582,"LANCASTER , PA"
110103,"CARTER , KY"
7663857,"DOUGLAS , NE"
851162,"HARRISON , WV"
239501,"WAYNE , NC"
108349,"HURON , MI"
424549,"BEAUFORT , SC"
131182,"BURKE , NC"
1554091,"WYANDOTTE , KS"
275577,"MORGAN , CO"
160376,"BERRIEN , MI"
467318,"WILLIAMSON , TN"
58661,"HENRY , VA"
124491,"CLINTON , OH"
85908,"WHITLEY , KY"
29394,"GLOUCESTER , VA"
95928,"BELKNAP , NH"
69678,"COCKE , TN"
61380,"BROOKE , WV"
319939,"CHRISTIAN , KY"
10631,"COLFAX , NE"
17930,"CARBON , UT"
44249,"TALLAPOOSA , AL"
71535,"POWESHIEK , IA"
14025,"MONONA , IA"
7112,"OREGON , MO"
15916,"MONTMORENCY , MI"
4861,"GRIGGS , ND"
2411,"KNOX , TX"
993,"SAN JUAN , CO"
143357,"NACOGDOCHES , TX"
38339,"GIBSON , IN"
94774,"WARRICK , IN"
589617,"PRINCE GEORGES , MD"
121739,"CLAY , IN"
10366,"JASPER , GA"
53184,"TIOGA , NY"
50696,"JERSEY , IL"
160425,"OUACHITA , LA"
1998,"EUREKA , NV"
22586,"SCURRY , TX"
707,"BENNETT , SD"
23480,"MADISON , MO"
5391,"CLAYTON , IA"
18303,"HOUSTON , TN"
20532,"CROSS , AR"
45024,"KITTSON , MN"
2140,"STARK , IL"
334,"BUENA VISTA CITY , VA"
133497,"ROBERTSON , TN"
5428,"KEMPER , MS"
87,"MCPHERSON , NE"
698615,"MADISON , IL"
1015933,"BUCHANAN , MO"
252684,"COWLITZ , WA"
408893,"PORTER , IN"
43710,"CHATHAM , NC"
226482,"TOMPKINS , NY"
255722,"BOYD , KY"
227712,"INDEPENDENCE , AR"
171348,"CAYUGA , NY"
45340,"JACKSON , WV"
100305,"MIFFLIN , PA"
153191,"WASHINGTON , OH"
107166,"STEPHENSON , IL"
108726,"MINERAL , WV"
6234,"CRAWFORD , GA"
29640,"JASPER , SC"
17111,"CLARK , IL"
9433,"RANDOLPH , GA"
21975,"WYANDOT , OH"
11340,"MERIWETHER , GA"
17434,"UNION , IA"
1305,"SHANNON , MO"
1638,"WASHINGTON , KS"
66614,"DAVIE , NC"
110604,"GARFIELD , OK"
46307,"SHERIDAN , WY"
245929,"MARQUETTE , MI"
38758,"PRENTISS , MS"
111261,"OTERO , NM"
26017,"MARION , TN"
18187,"WOODS , OK"
838,"KIMBALL , NE"
26684,"GRANT , KS"
5285,"CLAY , WV"
4076,"SCHUYLER , IL"
142510,"FRANKLIN , MO"
31650000,"QUEENS , NY"
1103038,"GREENE , MO"
3437631,"FAIRFAX , VA"
2343962,"BERNALILLO , NM"
807394,"STEARNS , MN"
1019131,"SUSSEX , DE"
1647249,"MERCER , NJ"
7604,"MILLER , GA"
31412,"ISANTI , MN"
122692,"WELLS , IN"
944800,"CUMBERLAND , NC"
312267,"CLARK , OH"
1155061,"MCLENNAN , TX"
33624,"VAN BUREN , AR"
44053,"TUOLUMNE , CA"
181951,"MISSOULA , MT"
63667,"CLINTON , MI"
591639,"ANDROSCOGGIN , ME"
145677,"LINN , OR"
11803,"WAYNE , TN"
94446,"FLATHEAD , MT"
24801,"MARTIN , TX"
91520,"SCOTTS BLUFF , NE"
18447,"GOODING , ID"
71232,"WASHINGTON , TX"
14923,"TURNER , GA"
20170,"WAYNE , MS"
46322,"BARNES , ND"
199060,"BRYAN , GA"
34730,"CASSIA , ID"
69107,"ADAMS , NE"
26904,"SHELBY , TX"
11671,"WESTMORELAND , VA"
11081,"STONE , AR"
27103,"GREENE , IA"
4647,"SHERIDAN , NE"
18897,"LINCOLN , MT"
12038,"ESSEX , VA"
23009,"SAINT FRANCIS , AR"
1647,"JEFF DAVIS , TX"
248,"ALEUTIANS EAST , AK"
79669,"CLALLAM , WA"
146909,"EATON , MI"
34116,"MANISTEE , MI"
70390,"YORK , VA"
44162,"CARLTON , MN"
5766,"KEOKUK , IA"
75446,"RIPLEY , IN"
65904,"BURNET , TX"
6948,"RUNNELS , TX"
1924,"CALHOUN , IL"
3869,"OWEN , KY"
10343,"NEWTON , TX"
36759,"SEWARD , NE"
2315,"ASSUMPTION , LA"
7091,"POQUOSON CITY , VA"
5802,"IDA , IA"
5625,"MOORE , TN"
8772,"TRAVERSE , MN"
135,"THOMAS , NE"
30562,"WADENA , MN"
18565006,"FULTON , GA"
18751,"CRAWFORD , MI"
460805,"NEWPORT NEWS CITY , VA"
808668,"WASHINGTON , AR"
130653,"COLUMBIA , PA"
1813099,"JEFFERSON PARISH , LA"
470029,"HENRY , GA"
406941,"YELLOWSTONE , MT"
202472,"CALVERT , MD"
945916,"CUMBERLAND , PA"
12473,"MORGAN , WV"
93241,"NESHOBA , MS"
50607,"CARTER , TN"
146902,"LAFOURCHE PARISH , LA"
793393,"BUTLER , PA"
14773,"SALUDA , SC"
7829,"GRAND , UT"
50286,"VERNON PARISH , LA"
7899,"AMELIA , VA"
11687,"BUTTE , SD"
85894,"LINCOLN , SD"
57053,"BEDFORD , TN"
10318,"MORRIS , TX"
23329,"MILLE LACS , MN"
312736,"CACHE , UT"
19849,"MCINTOSH , GA"
27205,"BUCHANAN , VA"
64150,"LUCAS , IA"
11980,"POCAHONTAS , WV"
48321,"DAWSON , NE"
52166,"TILLAMOOK , OR"
41615,"DANIELS , MT"
14487,"GEORGE , MS"
1258,"SARGENT , ND"
2763,"HARPER , OK"
1579,"MINERAL , MT"
5615,"CARROLL , MS"
4293,"HALL , TX"
61928,"HAWKINS , TN"
559996,"CLARK , WA"
92132,"HOT SPRING , AR"
36426,"BROOKS , GA"
38521,"MACON , NC"
35075,"APACHE , AZ"
32435,"MONROE , AL"
2680,"CONCHO , TX"
3585,"BEAVER , UT"
12745,"VERMILION , LA"
9726,"LAWRENCE , AR"
3502,"RICHLAND , LA"
82689,"SUMMIT , UT"
19341,"RED RIVER PARISH , LA"
6942,"CARSON , TX"
18687,"PERRY , AR"
4849784,"WESTCHESTER , NY"
794234,"ALACHUA , FL"
320006,"CHEMUNG , NY"
88551,"CARVER , MN"
165558,"ALCORN , MS"
215143,"CATTARAUGUS , NY"
741420,"CASS , ND"
418363,"SCIOTO , OH"
1124350,"SNOHOMISH , WA"
126127,"OTTAWA , OK"
198817,"CLEARFIELD , PA"
476247,"DAVIESS , KY"
515086,"ST JOSEPH , IN"
726570,"BROOME , NY"
368385,"LICKING , OH"
232776,"ANDERSON , TN"
51898,"HABERSHAM , GA"
62884,"WARREN , PA"
15866,"OWEN , IN"
36409,"CLINTON , MO"
57058,"CLINTON , IN"
26953,"SHELBY , IL"
14065,"BENSON , ND"
7297,"BLECKLEY , GA"
39520,"ELBERT , GA"
25708,"TAMA , IA"
53979,"ALBANY , WY"
5860,"BEAVERHEAD , MT"
38214,"LINCOLN , WY"
9557,"CLAY , SD"
21388,"PARK , WY"
24266,"WAYNE , IA"
26872,"TIPTON , IN"
45440,"TELLER , CO"
22941,"SAN JUAN , WA"
8532,"WALTHALL , MS"
24948,"POINTE COUPEE PARISH , LA"
144,"LOUP , NE"
39615,"FRANKLIN , VA"
78053,"BEDFORD , PA"
345921,"SUFFOLK CITY , VA"
73837,"CURRY , NM"
11667,"NOTTOWAY , VA"
54448,"OKANOGAN , WA"
11014,"SHARP , AR"
13763,"GREENE , GA"
19087,"EMPORIA CITY , VA"
63811,"SAINT LAWRENCE , NY"
90938,"MCDONOUGH , IL"
12750,"WEBSTER , MS"
3919,"STAFFORD , KS"
503,"CIMARRON , OK"
21069,"KEITH , NE"
20212,"MERCER , IL"
15760,"NOBLE , OH"
849,"ROGER MILLS , OK"
37665526,"KINGS , NY"
901064,"LEXINGTON , SC"
23941015,"MARICOPA , AZ"
320141,"LAUDERDALE , MS"
2120706,"COLLIN , TX"
33437,"PEMISCOT , MO"
105116,"UMATILLA , OR"
3616046,"HAMPDEN , MA"
315163,"KENOSHA , WI"
591028,"WARREN , NY"
48272,"SENECA , NY"
483846,"ONSLOW , NC"
32054,"GREEN , WI"
153505,"NEWTON , GA"
340362,"CLACKAMAS , OR"
27530,"WASHINGTON , MO"
51669,"CLATSOP , OR"
53292,"CRAWFORD , AR"
185214,"ONTARIO , NY"
23278,"MCPHERSON , KS"
149268,"FALLS CHURCH CITY , VA"
109944,"BRADFORD , PA"
444692,"BERKSHIRE , MA"
77565,"MENDOCINO , CA"
175522,"BRYAN , OK"
27310,"WILBARGER , TX"
41983,"VAN WERT , OH"
24178,"WAYNE , NE"
7407,"SIBLEY , MN"
9194,"HAMILTON , FL"
40833,"WHITE , TN"
24594,"JONES , GA"
4573,"GOVE , KS"
30680,"BREWSTER , TX"
8971,"LAKE , SD"
15114,"YUKON KOYUKUK , AK"
86458,"HARRISON , TX"
174585,"KAUAI , HI"
196301,"MOORE , NC"
10205,"CLARKE , VA"
147588,"CRITTENDEN , AR"
57679,"PEACH , GA"
59543,"JACKSON , NC"
21014,"LEE , VA"
2538,"DELTA , TX"
34696,"HERTFORD , NC"
23047,"LEE , TX"
410,"ROBERTS , TX"
7968,"MASON , IL"
14707,"DAWSON , MT"
13254,"NORTHAMPTON , NC"
12036,"MONITEAU , MO"
3721,"OSBORNE , KS"
5718331,"MARION , IN"
290332,"BEAVER , PA"
267777,"MARATHON , WI"
225524,"MIDDLESEX , CT"
1170622,"OSCEOLA , FL"
453412,"TAYLOR , TX"
684222,"LARAMIE , WY"
20317,"CHARLEVOIX , MI"
621531,"KITSAP , WA"
100659,"LIMESTONE , TX"
113998,"LEWIS AND CLARK , MT"
969462,"ROCKINGHAM , NH"
617050,"DAKOTA , MN"
322322,"FOND DU LAC , WI"
766176,"INGHAM , MI"
377837,"ST. LUCIE , FL"
1323838,"NEW LONDON , CT"
43381,"MARSHALL , KY"
304476,"BOULDER , CO"
27815,"CHOCTAW , OK"
30274,"RANDOLPH , MO"
10442,"MADISON , TX"
22384,"CANDLER , GA"
26038,"UNION , SC"
28663,"MARSHALL , MS"
2988,"KETCHIKAN GATEWAY , AK"
51158,"SMYTH , VA"
15121,"IBERIA , LA"
34126,"POTTAWATOMIE , KS"
22479,"FRANKLIN CITY , VA"
1423,"HOWARD , IA"
1250,"BARBER , KS"
1738,"EAST FELICIANA , LA"
742800,"CHESTER , PA"
2783573,"MONMOUTH , NJ"
282998,"OTTER TAIL , MN"
192143,"ROGERS , OK"
111964,"OTERO , CO"
39745,"ASHLEY , AR"
47951,"WALDO , ME"
14002,"REDWOOD , MN"
6121,"GREENSVILLE , VA"
1048,"IRION , TX"
1973,"TENSAS PARISH , LA"
1524,"KETCHIKAN GATEWAY BOROUGH , AK"
1209,"CRAIG , VA"
22928,"MARLBORO , SC"
93583,"MONROE , IL"
1782854,"DENTON , TX"
2360928,"DELAWARE , PA"
13335,"BIG HORN , MT"
225356,"BULLOCH , GA"
238730,"BARTOW , GA"
1115639,"LEHIGH , PA"
247961,"WAYNE , WV"
193782,"WHATCOM , WA"
119859,"WOOD , TX"
252346,"BOSSIER PARISH , LA"
332033,"DEKALB , IL"
127506,"POLK , MO"
66345,"JACKSON , AL"
156670,"PETERSBURG CITY , VA"
145341,"LENOIR , NC"
47154,"MOREHOUSE PARISH , LA"
62206,"UNION , PA"
24759,"NEW KENT , VA"
19540,"LEELANAU , MI"
170559,"UPSHUR , WV"
38684,"JEFFERSON , WA"
155750,"SPALDING , GA"
26218,"CARROLL , OH"
58503,"MORGAN , IN"
10317,"TREGO , KS"
19505,"BAKER , OR"
15051,"APPANOOSE , IA"
2390,"SCHOOLCRAFT , MI"
13672,"BOX BUTTE , NE"
5322,"GRANT , OR"
495,"GREELEY , NE"
513,"PETERSBURG , AK"
647849,"SARATOGA , NY"
604943,"BLAIR , PA"
26000,"HAMILTON , NE"
1239,"WOODSON , KS"
16700,"DELTA , CO"
19287,"WABASH , IL"
43803,"SCOTT , KS"
47483,"BROOKINGS , SD"
14413,"TATTNALL , GA"
7370,"ANTELOPE , NE"
7371,"ROCK , MN"
1766,"LANDER , NV"
24818,"KING GEORGE , VA"
25520,"FRANKLIN , VT"
19268,"DIMMIT , TX"
12848,"CIBOLA , NM"
3550,"BENT , CO"
1300,"HINSDALE , CO"
8,"YAKUTAT CITY AND BOROUGH , AK"
27860,"ST. JAMES PARISH , LA"
2259719,"KNOX , TN"
1925637,"STANISLAUS , CA"
351751,"FAIRFIELD , OH"
861570,"LEON , FL"
334017,"LOWNDES , GA"
3865157,"OKLAHOMA , OK"
312482,"SPOTSYLVANIA , VA"
13060,"RANDOLPH , AL"
19912,"BIG STONE , MN"
141394,"CULLMAN , AL"
18607,"CARROLL , KY"
285057,"KINGS , CA"
201358,"GRAYS HARBOR , WA"
173646,"SISKIYOU , CA"
181389,"GRAFTON , NH"
430937,"SHAWNEE , KS"
138543,"KNOX , KY"
29586,"ROSCOMMON , MI"
122320,"CREEK , OK"
317305,"KNOX , IN"
108425,"POTTAWATOMIE , OK"
127921,"CHRISTIAN , MO"
22487,"YANKTON , SD"
32685,"LA PAZ , AZ"
2329,"CALHOUN , WV"
16601,"GRAINGER , TN"
29476,"CAROLINE , MD"
60443,"COWLEY , KS"
10308,"MCLEAN , KY"
1769,"SAGUACHE , CO"
108411,"JEFFERSON , IL"
30545,"CASS , NE"
10636,"BLAND , VA"
14094,"GRUNDY , IA"
6192,"JEFFERSON DAVIS , LA"
3608,"GILPIN , CO"
13878,"DOUGLAS , MO"
945305,"CHATHAM , GA"
673105,"WAUKESHA , WI"
102956,"MONTGOMERY , KS"
54653,"MCCLAIN , OK"
39893,"CRAWFORD , MO"
86024,"YADKIN , NC"
6434,"TWIGGS , GA"
4406,"CAMDEN , NC"
37531,"MINIDOKA , ID"
18683,"COVINGTON CITY , VA"
31046,"TAYLOR , GA"
21869,"CUMING , NE"
4345,"CUSTER , CO"
37433,"YELLOW MEDICINE , MN"
536,"WINN , LA"
397641,"TOLLAND , CT"
222370,"MORGAN , IL"
2281906,"GWINNETT , GA"
64235,"GRANVILLE , NC"
974487,"HOWARD , MD"
229077,"STEUBEN , NY"
119735,"BARROW , GA"
24951,"CROOK , OR"
195953,"THOMAS , GA"
301911,"HAMPTON CITY , VA"
117478,"EL DORADO , CA"
50708,"CALLOWAY , KY"
21996,"SCHUYLER , NY"
83875,"HALIFAX , NC"
13376,"SOMERVELL , TX"
331373,"CHESHIRE , NH"
106898,"GILMER , GA"
32447,"DODGE , MN"
10007,"GREENE , AL"
34768,"MARION , MO"
81894,"BINGHAM , ID"
8222,"VINTON , OH"
40948,"DEKALB , TN"
19890,"APPOMATTOX , VA"
17686,"SEMINOLE , GA"
26787,"HALIFAX , VA"
5251,"PERRY , TN"
26359,"WYOMING , PA"
2992,"SCHUYLER , MO"
912,"JACKSON , SD"
267,"CARTER , MT"
1769,"PRAIRIE , MT"
8237,"POLK , NE"
2356,"OLDHAM , TX"
127544,"NEWBERRY , SC"
109448,"DICKEY , ND"
59356,"JESSAMINE , KY"
111463,"ROCKWALL , TX"
11530,"JONES , TX"
73598,"WAYNE , NY"
1155,"MUSSELSHELL , MT"
13901,"LINN , MO"
8175,"CHEYENNE , NE"
5309,"SWITZERLAND , IN"
10034,"LOUISA , IA"
1106,"LAKE , CO"
2539,"CALHOUN , GA"
55991,"BLEDSOE , TN"
2360,"GRANT , OK"
327,"ESMERALDA , NV"
26375,"CLAY , AL"
1072,"BILLINGS , ND"
6264900,"BALTIMORE CITY , MD"
69565,"PERRY , KY"
3176247,"EL PASO , TX"
113496,"ST. MARTIN PARISH , LA"
36607,"MCDUFFIE , GA"
266245,"DOUGHERTY , GA"
277239,"JEFFERSON , MO"
164800,"ADAMS , PA"
412158,"VICTORIA , TX"
96627,"CUMBERLAND , TN"
537839,"HARRISON , MS"
357615,"HALL , GA"
14083,"LAKE , MN"
69504,"DUPLIN , NC"
92773,"RICHMOND , NC"
10411,"CHOCTAW , MS"
26448,"NEWTON , MS"
18398,"MADISON , GA"
29702,"BENTON , MN"
11793,"CALHOUN , FL"
30387,"LEAKE , MS"
3465,"COAL , OK"
55115,"JACKSON , TN"
9467,"CAMERON , PA"
2669,"MADISON , MT"
654,"SHERMAN , TX"
7,"NOME , AK"
235,"DAGGETT , UT"
1441303,"ATLANTIC , NJ"
1084278,"LAKE , FL"
518306,"TUSCALOOSA , AL"
309601,"HAMPSHIRE , MA"
24252,"DENT , MO"
61872,"WALWORTH , WI"
20012,"PITKIN , CO"
84084,"DEKALB , AL"
9774,"MARION , TX"
4187,"SEDGWICK , CO"
10065,"GUTHRIE , IA"
4705,"JOHNSON , GA"
15103,"ALFALFA , OK"
1056,"THROCKMORTON , TX"
57286,"LESLIE , KY"
2827,"SURRY , VA"
4525,"ARCHER , TX"
3651980,"PRINCE GEORGE'S , MD"
68535,"PECOS , TX"
2509158,"KERN , CA"
50712,"CALHOUN , TX"
2272909,"WORCESTER , MA"
2808689,"PROVIDENCE , RI"
5822540,"HENNEPIN , MN"
235441,"CLERMONT , OH"
277275,"WARREN , OH"
85259,"MARION , SC"
942974,"FORSYTH , NC"
378418,"JOHNSTON , NC"
85410,"ATASCOSA , TX"
458888,"CLARKE , GA"
193772,"BENNINGTON , VT"
563723,"SOLANO , CA"
253944,"WASHINGTON , UT"
11448,"NOXUBEE , MS"
32716,"NEW MADRID , MO"
80485,"DYER , TN"
219867,"CALHOUN , AL"
83909,"LIVINGSTON , NY"
21200,"WASHINGTON , KY"
35881,"JAY , IN"
45263,"TOOMBS , GA"
35717,"KNOTT , KY"
222565,"CALCASIEU , LA"
17064,"HUMBOLDT , NV"
55327,"WHITMAN , WA"
7808,"MONO , CA"
12095,"PERRY , MS"
31291,"ASHLAND , WI"
5037,"CAMERON PARISH , LA"
7746,"STEPHENS , TX"
7352,"HAMILTON , TX"
10817,"JEFFERSON , KS"
21613,"PIKE , AR"
12825,"MERRICK , NE"
18881,"MONTEZUMA , CO"
10784,"MCKENZIE , ND"
7183,"BARAGA , MI"
6234,"RIO GRANDE , CO"
2896,"LAKE , TN"
4515,"RAPPAHANNOCK , VA"
1081712,"HAMILTON , TN"
1689486,"NUECES , TX"
540513,"MERCED , CA"
6113,"DECATUR , IA"
156932,"NEWPORT , RI"
73214,"FAIRFAX CITY , VA"
152041,"RANDOLPH , WV"
216107,"MADISON , NY"
25479,"FAYETTE , TX"
34525,"JERAULD , SD"
16285,"JACKSON , KS"
12533,"TERRELL , GA"
40893,"SIOUX , IA"
51972,"RIO ARRIBA , NM"
20385,"PRICE , WI"
2162,"HYDE , NC"
218,"DENALI BOROUGH , AK"
499,"SULLY , SD"
7836,"DADE , GA"
17,"SAIPAN MUNICIPALITY , MP"
12,"LAKE AND PENINSULA BOROUGH , AK"
1065373,"BREVARD , FL"
13483073,"SANTA CLARA , CA"
393014,"JEFFERSON , NY"
651816,"CABARRUS , NC"
487771,"NIAGARA , NY"
31023,"PRESTON , WV"
41717,"LEWIS , WV"
6373,"MEIGS , TN"
241874,"ASHTABULA , OH"
391832,"FORSYTH , GA"
308488,"GEORGETOWN , SC"
50385,"WALKER , GA"
33361,"CASS , MI"
23957,"LEXINGTON CITY , VA"
60777,"BUREAU , IL"
2556,"ESSEX , VT"
57831,"ALLEN , KY"
19298,"LAMAR , GA"
36033,"MARION , AL"
16567,"WATONWAN , MN"
15363,"WILLIAMSBURG CITY , VA"
39170,"JOSEPHINE , OR"
10638,"BLAINE , OK"
55681,"OGLE , IL"
42484,"ST JOHN THE BAPTIST , LA"
9408,"CUMBERLAND , IL"
4203,"POWELL , MT"
4142,"BALLARD , KY"
118,"MINERAL , CO"
941347,"ROCKLAND , NY"
206307,"JOHNSON , MO"
11846,"DELAWARE , IA"
86130,"DINWIDDIE , VA"
13402,"DICKINSON , KS"
13774,"CALHOUN , IA"
1139,"HARDIN , IL"
12920,"PACIFIC , WA"
1440,"BEAVER , OK"
3222,"DEKALB , MO"
7183,"JEFFERSON , MS"
3769,"COOK , MN"
32759,"OKMULGEE , OK"
3983,"CUMBERLAND , VA"
689,"HAMILTON , KS"
48838,"LINCOLN , MO"
10920,"GOLDEN VALLEY , ND"
3280609,"HARTFORD , CT"
7756857,"SUFFOLK , NY"
389797,"ROCKDALE , GA"
2184818,"SAN JOAQUIN , CA"
92488,"HARRISON , IN"
137707,"LYNCHBURG CITY , VA"
110041,"TALLADEGA , AL"
112503,"SCOTT , MS"
311368,"HERNANDO , FL"
35735,"LUMPKIN , GA"
86108,"LIVINGSTON , IL"
25031,"MILLER , MO"
60365,"ERATH , TX"
8103,"NOWATA , OK"
86713,"SAN JUAN , NM"
12591,"INYO , CA"
25950,"HOUGHTON , MI"
15017,"CASEY , KY"
7981,"LINN , KS"
7700,"COLFAX , NM"
20499,"LINCOLN , OK"
9666,"BROWN , IN"
38914,"ITASCA , MN"
10613,"BLAINE , ID"
14135,"UNION , FL"
24502,"WYOMING , WV"
28919,"WETZEL , WV"
7620,"WINN PARISH , LA"
5293,"MADISON , LA"
73641,"ST. MARY'S , MD"
36880,"SWIFT , MN"
142027,"TERREBONNE , LA"
97647,"LINCOLN PARISH , LA"
38263,"PICKENS , GA"
11774,"CLAY , TX"
39782,"TREMPEALEAU , WI"
15231,"PAGE , IA"
10243,"CALHOUN , MS"
16524,"RAVALLI , MT"
8622,"CHAFFEE , CO"
7418,"CLAIBORNE , MS"
14895,"WASHINGTON , GA"
14855,"BEDFORD CITY , VA"
30389,"PINE , MN"
389,"HETTINGER , ND"
106464,"WORCESTER , MD"
3,"KALAWAO , HI"
1066973,"EL PASO , CO"
1407923,"PRINCE WILLIAM , VA"
4708,"FULTON , KY"
1439346,"MOBILE , AL"
126586,"HARNETT , NC"
337580,"LEBANON , PA"
451284,"CHEROKEE , GA"
1615632,"VOLUSIA , FL"
1256591,"SAN MATEO , CA"
513332,"SUMNER , TN"
164789,"CLINTON , IA"
1957985,"ALBANY , NY"
68442,"CHELAN , WA"
667466,"ADAMS , CO"
101781,"SALINE , AR"
258997,"LITCHFIELD , CT"
7599,"CLAY , NC"
12847,"MARION , GA"
297885,"OHIO , WV"
353899,"KENNEBEC , ME"
5147,"SABINE , TX"
33181,"DAVIS , IA"
32125,"LOGAN , CO"
80863,"HENDERSON , KY"
78772,"POLK , WI"
25680,"VALLEY , MT"
33734,"ALLEGHANY , VA"
11428,"PAMLICO , NC"
13533,"PERQUIMANS , NC"
3444,"CLARK , MO"
10597,"WEST FELICIANA PARISH , LA"
1672,"HAND , SD"
2103,"SANBORN , SD"
764,"SHERMAN , OR"
2446,"DECATUR , KS"
916,"ISSAQUENA , MS"
53167,"PRINCE EDWARD , VA"
169012,"DODGE , NE"
39083,"UPSHUR , TX"
68427,"JEFFERSON , WI"
8390,"JOHNSON , NE"
3127,"ONTONAGON , MI"
6016,"GREENWOOD , KS"
4090,"CLEARWATER , MN"
26904,"FRANKLIN , ID"
1708,"SULLIVAN , PA"
1103,"MODOC , CA"
511,"ALPINE , CA"
16,"SKAGWAY MUNICIPALITY , AK"
98992,"MCKEAN , PA"
92921,"COFFEE , GA"
428304,"MAUI , HI"
121016,"FLAGLER , FL"
122749,"DOUGLAS , KS"
172145,"WASHINGTON , WI"
91989,"RHEA , TN"
66364,"WAPELLO , IA"
79154,"TIPTON , TN"
79658,"MATAGORDA , TX"
266833,"SAINT CHARLES , MO"
13182,"DEER LODGE , MT"
37140,"ASHE , NC"
24682,"MOUNTRAIL , ND"
119523,"SHIAWASSEE , MI"
96087,"FULTON , OH"
13665,"PIERCE , GA"
229056,"SAINT LOUIS , MO"
447035,"FAULKNER , AR"
10498,"SALEM , VA"
31167,"FREMONT , WY"
136428,"KINGFISHER , OK"
9307,"DUVAL , TX"
10054,"SMITH , MS"
53173,"WRIGHT , IA"
19891,"RICHLAND PARISH , LA"
40374,"YOUNG , TX"
6692,"HOWARD , AR"
17557,"FULTON , PA"
1148,"BRISCOE , TX"
4874,"MORGAN , UT"
836,"SHERIDAN , ND"
161028,"SHEBOYGAN , WI"
7874,"PERRY , AL"
13286,"MONROE , IA"
10265,"FULTON , AR"
607,"GILLIAM , OR"
6412,"CLARK , SD"
1378,"NESS , KS"
81,"KEYA PAHA , NE"
3593348,"NEW HAVEN , CT"
2895489,"MACOMB , MI"
76348,"DEFIANCE , OH"
1491393,"ESCAMBIA , FL"
18597,"ATTALA , MS"
4344424,"SACRAMENTO , CA"
1422529,"SOMERSET , NJ"
730965,"HAMILTON , IN"
462689,"ROSS , OH"
84649,"SAMPSON , NC"
53149,"CLARKE , AL"
16592,"IOWA , IA"
176391,"LAWRENCE , PA"
35620,"LAS ANIMAS , CO"
34045,"BONNER , ID"
59450,"CUSTER , OK"
158754,"SHELBY , IN"
105125,"ELMORE , AL"
3197,"FOREST , PA"
179349,"PIKE , PA"
77238,"WAGONER , OK"
99224,"JENNINGS , IN"
83045,"SUNFLOWER , MS"
14520,"DOOLY , GA"
122663,"SAINT JOHNS , FL"
15958,"JEFFERSON DAVIS , MS"
7268,"MADISON , AR"
46312,"ST. JOSEPH , MI"
9727,"TROUSDALE , TN"
8431,"BANKS , GA"
10997,"BOSQUE , TX"
14218,"WILKIN , MN"
864,"POPE , IL"
989062,"YORK , ME"
272845,"PUTNAM , TN"
134560,"HANCOCK , OH"
16089,"SULLIVAN , MO"
120477,"PUTNAM , FL"
541,"STONEWALL , TX"
784,"MORTON , KS"
321,"DOLORES , CO"
5088642,"SHELBY , TN"
1827415,"CHARLESTON , SC"
133834,"DANVILLE CITY , VA"
458637,"HAYS , TX"
2966078,"PINELLAS , FL"
1049201,"DURHAM , NC"
638203,"ECTOR , TX"
133289,"COLUMBIA , FL"
93461,"WISE , VA"
232145,"PULASKI , KY"
511215,"FORREST , MS"
209255,"WASHINGTON , MS"
65023,"MASON , MI"
1830471,"FAYETTE , KY"
24927,"PEND OREILLE , WA"
78022,"BALDWIN , GA"
49788,"DOUGLAS , WI"
256801,"SKAGIT , WA"
22499,"LOGAN , OK"
74880,"LAKE , CA"
265167,"WARREN , NJ"
32270,"MADISON , IA"
37263,"MORGAN , MO"
64815,"MACON , GA"
31003,"COLUSA , CA"
35949,"AMHERST , VA"
13694,"YOAKUM , TX"
19581,"FURNAS , NE"
7917,"PIKE , GA"
8895,"KEWAUNEE , WI"
2360,"SANDERS , MT"
2521,"RED LAKE , MN"
7817,"WINNEBAGO , IA"
835,"REAL , TX"
3919,"FRANKLIN , IA"
83110,"WABASH , IN"
107914,"LINCOLN , OR"
26938,"FRANKLIN , AR"
11338,"CALHOUN , SC"
21880,"ALEXANDER , NC"
25420,"ADAMS , OH"
2144,"STEVENS , KS"
3126,"TREUTLEN , GA"
616505,"BURLEIGH , ND"
605662,"YUMA , AZ"
1378874,"ANNE ARUNDEL , MD"
57355,"CAMDEN , GA"
1674896,"CUMBERLAND , ME"
128026,"NELSON , KY"
456058,"MARION , OR"
62227,"PIKE , MS"
640741,"VIGO , IN"
553880,"BENTON , WA"
91054,"FAYETTE , WV"
203718,"DUNN , WI"
266696,"POTTAWATTAMIE , IA"
236768,"MONTGOMERY , NY"
263849,"KAUFMAN , TX"
16524,"FRANKLIN , TX"
129725,"HANCOCK , ME"
42786,"TAYLOR , KY"
12582,"FOUNTAIN , IN"
59206,"BAXTER , AR"
52626,"PERRY , OH"
3580,"LINCOLN , GA"
47257,"LEFLORE , OK"
29496,"CAROLINE , VA"
14896,"GREENE , VA"
40237,"MCLEOD , MN"
10017,"BATH , KY"
2900,"FALLON , MT"
2803,"OURAY , CO"
4493,"BAYLOR , TX"
1383,"LIPSCOMB , TX"
1611,"CHAUTAUQUA , KS"
80629,"MECKLENBURG , VA"
103598,"GREENE , PA"
244735,"DONA ANA , NM"
61848,"SALINE , KS"
78952,"HERKIMER , NY"
8010,"LAFAYETTE , WI"
12179,"PARK , CO"
17253,"LASSEN , CA"
2286,"CHARITON , MO"
3379,"VALLEY , NE"
1989,"LOGAN , ND"
36779,"WARREN , MO"
28373,"LEVY , FL"
3153,"MONTGOMERY , GA"
8201,"LINCOLN , NV"
91,"DILLINGHAM CENSUS AREA , AK"
21693654,"MIAMI-DADE , FL"
1491669,"POLK , FL"
1138776,"ADA , ID"
1892697,"ORLEANS PARISH , LA"
1492019,"LUCAS , OH"
321778,"SARPY , NE"
655457,"HENRICO , VA"
1517541,"LAKE , IN"
448152,"MCHENRY , IL"
333760,"LEE , MS"
434676,"BROWN , WI"
284098,"INDIANA , PA"
52832,"FINNEY , KS"
38809,"GILES , TN"
166119,"LIVINGSTON , MI"
265590,"RANDOLPH , NC"
689364,"PORTAGE , WI"
161191,"WARREN , VA"
22462,"CAMP , TX"
91642,"GRANT , WA"
24270,"LAUDERDALE , TN"
268790,"MARTIN , FL"
29941,"ST. CROIX , WI"
127675,"SAUK , WI"
130651,"GEAUGA , OH"
211648,"MARSHALL , IA"
101029,"DODGE , WI"
6251,"BOYD , NE"
17290,"SHERMAN , KS"
71671,"ORLEANS , VT"
8769,"SEVIER , AR"
89941,"SHENANDOAH , VA"
5950,"DOUGLAS , SD"
30629,"LINCOLN , TN"
18064,"DICKENSON , VA"
9839,"EMERY , UT"
7184,"MONROE , AR"
837,"KEWEENAW , MI"
286093,"LAFAYETTE , MS"
218519,"CAMPBELL , KY"
266065,"DEKALB , IN"
128422,"KENDALL , IL"
114441,"KERSHAW , SC"
48134,"CHILTON , AL"
18848,"SEVIER , UT"
24597,"CLARK , AR"
97215,"HANCOCK , IN"
60416,"ANDERSON , TX"
173137,"LAFAYETTE , LA"
45909,"HOCKLEY , TX"
40832,"HOUSTON , TX"
13866,"FAYETTE , AL"
12660,"PEPIN , WI"
7371,"MADISON PARISH , LA"
21900,"JACKSON , IA"
12687,"DE SOTO , LA"
24385,"ROOSEVELT , MT"
1077,"CAMPBELL , SD"
2260,"NELSON , ND"
5832,"WARREN , GA"
4900023,"UNION , NJ"
25260,"DUCHESNE , UT"
49743,"LEE , IA"
350710,"PORTAGE , OH"
191009,"CHAMBERS , TX"
269575,"NORTHUMBERLAND , PA"
407781,"JACKSON , OR"
73336,"BECKHAM , OK"
284595,"ANDERSON , SC"
212939,"FREDERICK , VA"
21341,"HENRY , IA"
777669,"LA CROSSE , WI"
136654,"CALDWELL , NC"
602536,"ELLIS , KS"
38453,"FREMONT , CO"
218111,"LOGAN , OH"
64984,"SUWANNEE , FL"
20284,"FARIBAULT , MN"
82629,"MERCER , ND"
42703,"THOMAS , KS"
38609,"GRADY , OK"
100709,"ITAWAMBA , MS"
14576,"LLANO , TX"
27623,"ARKANSAS , AR"
11824,"FREMONT , ID"
8569,"IZARD , AR"
9050,"PAWNEE , KS"
7736,"GRANT PARISH , LA"
12812,"SAWYER , WI"
9128,"BENZIE , MI"
3542,"LAFAYETTE , AR"
1608,"LASALLE , LA"
28319,"LOWNDES , AL"
67353,"KENDALL , TX"
4866,"RAINS , TX"
199385,"PIKE , KY"
71544,"HAMPSHIRE , WV"
106108,"JEFFERSON , LA"
22923,"GAINES , TX"
5129,"BOLLINGER , MO"
8111,"MCCOOK , SD"
3986,"IBERVILLE , LA"
1936,"DIXON , NE"
203,"ZIEBACH , SD"
1283,"CHEYENNE , CO"
15639,"LEON , TX"
16065,"LIVINGSTON , MO"
2107,"HARMON , OK"
168,"HOONAH-ANGOON CENSUS AREA , AK"
413,"SOUTHEAST FAIRBANKS , AK"