NUM_CLICK,COUNTY_STATE
238649,"DEKALB , GA"
17127,"WASHOE , NV"
2233,"DUNKLIN , MO"
270,"UNION , OR"
3047,"SHELBY , AL"
1635,"DESCHUTES , OR"
2501,"SULLIVAN , NY"
652,"EFFINGHAM , IL"
2302,"CARTERET , NC"
576,"BOONE , IL"
178,"SULLIVAN , IN"
289,"LACLEDE , MO"
911,"BEN HILL , GA"
162,"MERCER , KY"
74,"WASECA , MN"
536,"JASPER , IN"
327,"OCEANA , MI"
56,"JOHNSON , WY"
228,"EAST FELICIANA PARISH , LA"
468,"NEWAYGO , MI"
782,"ST. MARY PARISH , LA"
33,"HOWARD , MO"
141,"JEROME , ID"
126,"MITCHELL , GA"
78,"WILCOX , GA"
20,"OHIO , IN"
116,"LA SALLE , TX"
47,"CROSBY , TX"
87,"MCDONALD , MO"
25,"LUNENBURG , VA"
131,"CUSTER , NE"
66,"ST. THOMAS ISLAND , VI"
135,"SUMTER , AL"
2224,"FAYETTE , GA"
539,"BARRON , WI"
41,"HARDEMAN , TX"
204,"PIKE , IN"
1175,"LIBERTY , TX"
30,"KIT CARSON , CO"
107,"ACADIA , LA"
67,"GRAHAM , NC"
18,"WHITE PINE , NV"
15,"THAYER , NE"
6,"ADAMS , ID"
16,"BOUNDARY , ID"
5,"GUAM , GU"
57,"SAC , IA"
24,"DONLEY , TX"
14046,"ARAPAHOE , CO"
4469,"MONROE , PA"
31436,"SAINT LOUIS CITY , MO"
1052,"PUTNAM , IN"
863,"WASHINGTON , VT"
2955,"BERKELEY , SC"
36787,"JEFFERSON , KY"
1645,"COLUMBIA , GA"
4193,"EAU CLAIRE , WI"
425,"CHEROKEE , TX"
10158,"GALVESTON , TX"
255,"UPSON , GA"
822,"DEARBORN , IN"
5814,"WASHINGTON , PA"
118,"BENTON , IA"
159,"CHATTOOGA , GA"
143,"UNION PARISH , LA"
66,"CALDWELL , MO"
209,"MCDOWELL , NC"
614,"TOOELE , UT"
272,"BUTTS , GA"
16,"GRAND ISLE , VT"
51,"PIERCE , NE"
58,"CEDAR , NE"
50,"TAYLOR , IA"
161,"RUSSELL , KY"
85,"CHICOT , AR"
1156,"DARLINGTON , SC"
1960,"GREENE , OH"
332,"DOUGLAS , MN"
244,"JACKSON PARISH , LA"
292,"YORK , NE"
126,"TRIGG , KY"
249,"WHITE , GA"
19,"MORRILL , NE"
34,"LINCOLN , CO"
24,"OSCEOLA , IA"
6,"JONES , SD"
21,"RED RIVER , LA"
6,"HITCHCOCK , NE"
244263,"HARRIS , TX"
20686,"FRESNO , CA"
8706,"TULARE , CA"
12228,"EAST BATON ROUGE PARISH , LA"
1522,"BOLIVAR , MS"
2705,"LEE , AL"
471,"FORD , KS"
446,"CHISAGO , MN"
615,"JEFFERSON , TN"
114,"PAULDING , OH"
3899,"CLEVELAND , OK"
393,"HENRY , OH"
952,"JACKSON , GA"
785,"KNOX , OH"
656,"PENNINGTON , MN"
1145,"EDDY , NM"
317,"CODINGTON , SD"
243,"HUTCHINSON , TX"
168,"ALAMOSA , CO"
440,"LEWIS , WA"
563,"HOWELL , MO"
165,"STONE , MS"
614,"ALLEGANY , NY"
142,"TORRANCE , NM"
53,"GOGEBIC , MI"
118,"SAINT MARY , LA"
60,"BOTTINEAU , ND"
38,"PLATTE , WY"
57,"FLOYD , TX"
64,"CLAIBORNE PARISH , LA"
148,"BURLESON , TX"
9,"MINER , SD"
43,"KIMBLE , TX"
1951,"HURON , OH"
434,"PONTOTOC , OK"
144,"ALLEGHANY , NC"
42,"DADE , MO"
330,"DOUGLAS , WA"
160,"CHICKASAW , MS"
139,"STONE , MO"
56,"BRACKEN , KY"
89,"BRANTLEY , GA"
8,"GRANT , ND"
92,"KIDDER , ND"
31,"RIO BLANCO , CO"
40,"AUDUBON , IA"
51,"CALDWELL PARISH , LA"
20,"GREGORY , SD"
10,"DAY , SD"
1,"GARDEN , NE"
1,"BORDEN , TX"
92659,"NASSAU , NY"
56444,"CUYAHOGA , OH"
60951,"TARRANT , TX"
9613,"PLYMOUTH , MA"
840,"AUTAUGA , AL"
480,"LAWRENCE , TN"
5095,"MIDLAND , TX"
567,"ELK , PA"
116,"PARKE , IN"
962,"MAVERICK , TX"
2924,"KOOTENAI , ID"
4349,"CAMBRIA , PA"
9767,"HORRY , SC"
7967,"SANTA BARBARA , CA"
489,"JACKSON , OK"
427,"HOPKINS , TX"
438,"PITTSBURG , OK"
251,"MONROE , OH"
193,"HUMPHREYS , MS"
1933,"ATHENS , OH"
325,"BLADEN , NC"
187,"HENRY , MO"
213,"GREENE , IL"
430,"LAWRENCE , IN"
24,"BACA , CO"
728,"HUNTINGTON , IN"
639,"WALKER , AL"
382,"WASHINGTON , IN"
188,"GARRARD , KY"
53,"POINTE COUPEE , LA"
32,"SHELBY , MO"
37,"SITKA , AK"
13,"BROWN , IL"
35,"BENTON , IN"
694,"CAMPBELL , TN"
296,"BAKER , FL"
474,"WEBSTER PARISH , LA"
293,"LOGAN , KY"
452,"CONVERSE , WY"
108,"HANCOCK , IL"
254,"SHAWANO , WI"
56,"MORGAN , OH"
261,"GRAHAM , KS"
38,"HUDSPETH , TX"
135,"FREEBORN , MN"
82,"PHILLIPS , CO"
104,"SEQUATCHIE , TN"
23,"ANDERSON , KS"
8,"HANSON , SD"
20,"VALDEZ-CORDOVA CENSUS AREA , AK"
16,"HOT SPRINGS , WY"
8,"NANCE , NE"
4,"WAYNE , UT"
4,"JACKSON , CO"
955,"OTTAWA , OH"
536,"WILSON , TX"
3721,"OKALOOSA , FL"
4027,"ST. CLAIR , IL"
1391,"CHAVES , NM"
129,"SMITH , TN"
5032,"ANCHORAGE , AK"
1294,"HANOVER , VA"
487,"GUERNSEY , OH"
1950,"MCCRACKEN , KY"
383,"POLK , MN"
403,"MASON , KY"
164,"PERRY , IN"
1028,"PICKAWAY , OH"
613,"KOSCIUSKO , IN"
1509,"ALLEGANY , MD"
403,"JASPER , TX"
149,"WASHINGTON , ME"
178,"DUKES , MA"
999,"DARE , NC"
232,"PERRY , IL"
269,"PUTNAM , GA"
92,"RUSSELL , KS"
189,"EVANGELINE , LA"
677,"DELAWARE , NY"
90,"DOOR , WI"
74,"TRIMBLE , KY"
18,"CLAY , GA"
42,"CHICKASAW , IA"
145,"NODAWAY , MO"
51,"LEWIS , MO"
89,"ANTRIM , MI"
6,"ELK , KS"
11,"KINGSBURY , SD"
1496,"WAYNE , OH"
87822,"BEXAR , TX"
22138,"ESSEX , MA"
450,"PLATTE , NE"
17896,"JOHNSON , KS"
10764,"MADISON , TN"
1355,"TROUP , GA"
5026,"GLOUCESTER , NJ"
1219,"NAPA , CA"
24225,"WAKE , NC"
4273,"TRUMBULL , OH"
4760,"SCHENECTADY , NY"
4923,"FREDERICK , MD"
77,"WASHINGTON , NC"
1364,"LAMAR , TX"
417,"MANASSAS CITY , VA"
813,"MONROE , TN"
1646,"WEBSTER , IA"
2703,"ETOWAH , AL"
1976,"LYCOMING , PA"
1988,"SANTA ROSA , FL"
583,"SHELBY , OH"
862,"OXFORD , ME"
358,"WASHINGTON , NE"
361,"SNYDER , PA"
1079,"EFFINGHAM , GA"
237,"SAGADAHOC , ME"
243,"WILCOX , AL"
89,"JEFFERSON , NE"
190,"HARDY , WV"
251,"HAMILTON , IA"
18,"UNION , NM"
37,"UNION , IN"
173,"KENAI PENINSULA BOROUGH , AK"
878,"WATAUGA , NC"
1282,"FLOYD , KY"
2530,"DELAWARE , IN"
194,"CHOWAN , NC"
208,"SCHOHARIE , NY"
152,"WABASHA , MN"
393,"JACKSON , FL"
105,"HENRY , KY"
11,"ADAMS , IA"
155,"MENOMINEE , MI"
8,"BOISE , ID"
51,"EAST CARROLL PARISH , LA"
84,"JEFFERSON , ID"
15,"CATRON , NM"
24,"MCHENRY , ND"
62,"KNOX , NE"
18,"JEFFERSON , OK"
24,"MARIES , MO"
42,"METCALFE , KY"
6,"BUTTE , ID"
137,"BOURBON , KS"
13944,"BRISTOL , MA"
6219,"MUSCOGEE , GA"
3496,"JOHNSON , IA"
1438,"JONES , MS"
2273,"ALAMANCE , NC"
2655,"MUSKINGUM , OH"
8433,"COLLIER , FL"
10444,"SEDGWICK , KS"
313,"TIPPAH , MS"
493,"ADAMS , MS"
1834,"MAURY , TN"
572,"GREENUP , KY"
71,"DALLAS , AR"
1038,"BASTROP , TX"
1161,"COLBERT , AL"
676,"NAVARRO , TX"
157,"ALLEN PARISH , LA"
125,"GREEN LAKE , WI"
391,"MARION , IL"
2933,"BUFFALO , NE"
319,"MOORE , TX"
253,"HARRISONBURG CITY , VA"
431,"HARDEE , FL"
507,"STARKE , IN"
189,"MCNAIRY , TN"
1015,"CANADIAN , OK"
323,"HASKELL , OK"
140,"WILKINSON , MS"
86,"FILLMORE , MN"
279,"ADAIR , KY"
193,"MOULTRIE , IL"
192,"YATES , NY"
151,"DODGE , GA"
299,"GRADY , GA"
73,"CLAY , KS"
98,"ROBERTS , SD"
210,"BAMBERG , SC"
278,"DE SOTO PARISH , LA"
141,"UNION , IL"
13513,"CAMERON , TX"
3456,"DORCHESTER , SC"
101,"CUSTER , MT"
759,"ASHLAND , OH"
633,"VALENCIA , NM"
185,"ELMORE , ID"
364,"FORD , IL"
29,"GALLATIN , IL"
21,"ELLIOTT , KY"
461,"MOWER , MN"
158,"TALLAHATCHIE , MS"
147,"BERTIE , NC"
171,"MILAM , TX"
105,"AVERY , NC"
14,"WHEELER , GA"
12,"GARFIELD , UT"
15,"SHERIDAN , MT"
15,"NORTH SLOPE , AK"
1,"SAINT HELENA , LA"
29,"WICHITA , KS"
33,"IRON , WI"
8,"FRONTIER , NE"
20,"CONCORDIA , LA"
9,"SHERMAN , NE"
3,"MOTLEY , TX"
6475,"VANDERBURGH , IN"
14467,"CONTRA COSTA , CA"
3261,"BOONE , KY"
588,"ST. CLAIR , AL"
5075,"WEBER , UT"
4284,"IMPERIAL , CA"
2889,"CLARK , IN"
50,"PRAIRIE , AR"
1298,"CASCADE , MT"
6828,"LORAIN , OH"
518,"MADISON , OH"
148,"YALOBUSHA , MS"
1057,"MORROW , OR"
284,"BRISTOL CITY , VA"
309,"BECKER , MN"
158,"SAINT FRANCOIS , MO"
156,"HENDERSON , TN"
779,"RUSSELL , AL"
429,"HILL , TX"
92,"MONTGOMERY , MO"
184,"GENEVA , AL"
17,"PIERCE , ND"
371,"CHEATHAM , TN"
158,"ADDISON , VT"
45,"COOSA , AL"
132,"GLENN , CA"
147,"KENT , MD"
34,"ADAIR , IA"
64,"FILLMORE , NE"
192,"IOSCO , MI"
50,"RANSOM , ND"
1300,"HUNT , TX"
2092,"GARLAND , AR"
2145,"VERMILION , IL"
1666,"MONROE , MI"
286,"GRIMES , TX"
55,"HUMBOLDT , IA"
253,"WHITE , IL"
23,"REYNOLDS , MO"
103,"BRECKINRIDGE , KY"
132,"CROCKETT , TN"
1403,"ST. LANDRY PARISH , LA"
141,"JASPER , IL"
48,"WOODRUFF , AR"
30,"RUSH , KS"
51,"JACK , TX"
5,"BURKE , ND"
14,"MCMULLEN , TX"
30,"ARCHULETA , CO"
36,"WASHINGTON , LA"
68,"AMITE , MS"
16,"CHEYENNE , KS"
15,"SCHLEY , GA"
62554,"ALLEGHENY , PA"
6772,"NORTHAMPTON , PA"
359,"DECATUR , GA"
129,"UNION , TN"
2965,"INDIAN RIVER , FL"
4938,"LINN , IA"
92,"WORTH , GA"
1140,"GRANT , IN"
361,"ESCAMBIA , AL"
1086,"HOPKINS , KY"
247,"ST. FRANCIS , AR"
334,"MARION , IA"
511,"KITTITAS , WA"
649,"CRAWFORD , OH"
1739,"ROANOKE CITY , VA"
2698,"COWETA , GA"
83,"RALLS , MO"
1145,"LAUREL , KY"
2052,"CLINTON , NY"
1599,"SANTA FE , NM"
848,"ST. JOHN THE BAPTIST PARISH , LA"
124,"TOWNS , GA"
53,"LINCOLN , ID"
96,"ST. HELENA PARISH , LA"
58,"SCOTT , IL"
259,"DAKOTA , NE"
25,"OWSLEY , KY"
64,"REAGAN , TX"
1629,"LEE , NC"
2285,"SEVIER , TN"
185,"MARION , KY"
143,"MASSAC , IL"
424,"LA PLATA , CO"
41,"SAN MIGUEL , CO"
184,"JUNEAU , WI"
34,"LUCE , MI"
49,"BURT , NE"
5,"KENT , TX"
26,"KING AND QUEEN , VA"
16,"COCHRAN , TX"
22,"RENVILLE , ND"
14,"EDWARDS , TX"
40,"STEWART , TN"
1,"ALEUTIANS EAST BOROUGH , AK"
4038,"RENSSELAER , NY"
7345,"WASHTENAW , MI"
3919,"RICHLAND , OH"
37487,"PASSAIC , NJ"
500,"HARDIN , TX"
19807,"HINDS , MS"
11161,"BUCKS , PA"
709,"MEDINA , TX"
4531,"SUMTER , SC"
1023,"JAMES CITY , VA"
3832,"GASTON , NC"
83,"CHARLOTTESVILLE CITY , VA"
449,"TUSCOLA , MI"
739,"HILLSDALE , MI"
1155,"AUGUSTA , VA"
840,"LINCOLN , NC"
382,"PULASKI , MO"
146,"CALUMET , WI"
2864,"HOUSTON , GA"
5517,"PITT , NC"
360,"MURRAY , GA"
817,"TALBOT , MD"
647,"VANCE , NC"
1336,"WHITE , AR"
892,"GRAVES , KY"
282,"MONROE , GA"
102,"EDMONSON , KY"
806,"LEFLORE , MS"
368,"LATAH , ID"
140,"SPENCER , IN"
287,"HUBBARD , MN"
845,"KERR , TX"
277,"GOODHUE , MN"
368,"QUEEN ANNE'S , MD"
126,"COOPER , MO"
89547,"HUDSON , NJ"
315,"LAWRENCE , MO"
3695,"JACKSON , MI"
2405,"WICHITA , TX"
419,"SHELBY , KY"
3641,"FAYETTE , PA"
3569,"SEBASTIAN , AR"
792,"WOOD , WI"
353,"SWEETWATER , WY"
126,"LAKE , MT"
262,"POTTER , PA"
53,"WOLFE , KY"
15,"HICKMAN , KY"
111,"WALLACE , KS"
34,"UNION , LA"
102,"MOREHOUSE , LA"
7,"KIOWA , CO"
28,"HASKELL , KS"
22,"ADAMS , ND"
8,"ROBERTSON , KY"
1,"HARDING , NM"
3629,"BALDWIN , AL"
7456,"RUTHERFORD , TN"
1193,"WARE , GA"
1778,"JASPER , MO"
1585,"WAYNE , IN"
2975,"CAPE MAY , NJ"
1328,"OCONEE , SC"
9865,"MADISON , MS"
988,"CERRO GORDO , IA"
1100,"LIVINGSTON PARISH , LA"
1123,"ST. LAWRENCE , NY"
2730,"SAN PATRICIO , TX"
1882,"BLOUNT , TN"
385,"WINDSOR , VT"
1662,"BRADLEY , TN"
77,"MARTIN , KY"
1180,"RUTLAND , VT"
2154,"MEDINA , OH"
645,"VAL VERDE , TX"
345,"COOS , NH"
66,"SKAMANIA , WA"
311,"CRISP , GA"
211,"LAMOILLE , VT"
182,"GEM , ID"
114,"COTTONWOOD , MN"
82,"ROBERTSON , TX"
359,"GONZALES , TX"
526,"CARROLL , NH"
82,"STOREY , NV"
723,"LOGAN , WV"
135,"LEE , SC"
96,"MONTGOMERY , MS"
350,"ISLE OF WIGHT , VA"
132,"CHEROKEE , KS"
34,"YUMA , CO"
72,"BURNETT , WI"
168,"WASHINGTON , FL"
18284,"RICHLAND , SC"
847,"COLUMBUS , NC"
670,"RUSK , TX"
106,"GRUNDY , MO"
1006,"LIMESTONE , AL"
215,"CALDWELL , KY"
88,"UINTA , WY"
34,"MCPHERSON , SD"
67,"JUNEAU CITY AND BOROUGH , AK"
56,"CLOUD , KS"
36,"SHARKEY , MS"
57,"JOHNSON , IL"
7,"POTTER , SD"
14,"JACKSON , LA"
14,"MEADE , KS"
7,"BIENVILLE , LA"
18,"CARTER , MO"
15,"STILLWATER , MT"
10,"WORTH , MO"
11,"SHACKELFORD , TX"
4,"SIERRA , CA"
2,"SKAGWAY , AK"
23572,"TULSA , OK"
98825,"ORANGE , CA"
6703,"CATAWBA , NC"
19579,"POLK , IA"
2205,"HAMBLEN , TN"
12337,"DANE , WI"
4800,"BRAZOS , TX"
1108,"ROCKINGHAM , NC"
10339,"MONTGOMERY , AL"
1220,"COLUMBIA , NY"
3274,"WINNEBAGO , WI"
475,"CHIPPEWA , WI"
229,"LUNA , NM"
1151,"STODDARD , MO"
81,"O'BRIEN , IA"
714,"PHELPS , MO"
66,"MCCULLOCH , TX"
404,"PREBLE , OH"
680,"ALLEGAN , MI"
415,"SANILAC , MI"
204,"WINSTON , MS"
57,"MARIPOSA , CA"
522,
662,"LAURENS , GA"
98,"LINCOLN , WI"
143,"LAGRANGE , IN"
129,"BUCHANAN , IA"
141,"HOLT , NE"
210,"LINCOLN , NM"
822,"WALTON , FL"
278,"LOGAN , IL"
2253,"LAUDERDALE , AL"
211,"CLAY , KY"
55,"QUAY , NM"
55,"SIERRA , NM"
180,"SOMERSET , MD"
209,"SUMMIT , CO"
90,"GOLIAD , TX"
95,"FLEMING , KY"
140,"LOGAN , AR"
26,"HARPER , KS"
51,"TILLMAN , OK"
8,"FAULK , SD"
4,"WHEELER , OR"
2,"COMANCHE , KS"
61326,"FRANKLIN , OH"
63,"MARION , AR"
408,"MEADE , KY"
12669,"SEMINOLE , FL"
4002,"SCHUYLKILL , PA"
11066,"MORRIS , NJ"
6250,"MANATEE , FL"
40,"CHARLTON , GA"
3901,"CARROLL , MD"
417,"HOCKING , OH"
2195,"ROCKINGHAM , VA"
611,"SOMERSET , ME"
862,"DOUGLAS , OR"
363,"SCOTLAND , NC"
318,"DREW , AR"
979,"EMMET , MI"
422,"CAMDEN , MO"
127,"RITCHIE , WV"
206,"ASOTIN , WA"
534,"MAYES , OK"
110,"ARENAC , MI"
994,"WASHINGTON , RI"
112,"HARRISON , IA"
25,"STEWART , GA"
109,"WILSON , KS"
409,"FRANKLIN , NC"
192,"PERRY , MO"
139,"ROSEAU , MN"
533,"MONTGOMERY , KY"
44,"KEARNY , KS"
100,"LARUE , KY"
35,"OBRIEN , IA"
1273,"PUTNAM , NY"
28,"COKE , TX"
397,"BARTON , KS"
116,"HUMPHREYS , TN"
88,"GRANT , MN"
455,"PIERCE , WI"
134,"BIBB , AL"
824,"UNION , AR"
249,"MORGAN , TN"
919,"CLAY , MN"
119,"ATCHISON , KS"
220,"WASCO , OR"
150,"PHILLIPS , AR"
45,"KEARNEY , NE"
83,"VERNON , LA"
26,"WHEELER , TX"
20,"WELLS , ND"
72,"DESHA , AR"
79,"CUMBERLAND , KY"
23,"CARBON , MT"
127,"MARTIN , IN"
18,"TOOLE , MT"
25,"TRAILL , ND"
4,"LEMHI , ID"
5,"MEAGHER , MT"
6,"MARTINSVILLE CITY , VA"
6,"YUKON-KOYUKUK CENSUS AREA , AK"
1,"TENSAS , LA"
1,"TERRELL , TX"
206199,"PHILADELPHIA , PA"
3106,"ELLIS , TX"
702,"BOONE , IN"
32843,"MIDDLESEX , NJ"
2876,"CECIL , MD"
1401,"LENAWEE , MI"
760,"WASHINGTON , VA"
531,"HENRY , IL"
15,"PERSHING , NV"
2474,"DELAWARE , OH"
265,"MADISON , ID"
657,"BUTLER , KS"
289,"HAMPTON , SC"
859,"DAVISON , SD"
216,"MARION , MS"
95,"KOOCHICHING , MN"
20,"GRAY , KS"
214,"MALHEUR , OR"
1163,"WALTON , GA"
205,"FRANKLIN PARISH , LA"
268,"LAFAYETTE , MO"
19,"MELLETTE , SD"
22,"HARNEY , OR"
233,"OTSEGO , MI"
118,"HOLMES , MS"
2432,"JACKSON , IN"
738,"RUTHERFORD , NC"
311,"ABBEVILLE , SC"
325,"CALDWELL , TX"
153,"TUNICA , MS"
107,"WASHINGTON , AL"
11,"VALDEZ CORDOVA , AK"
134,"MCCONE , MT"
76,"BLANCO , TX"
46,"ALEXANDER , IL"
96,"MOODY , SD"
35,"CLEAR CREEK , CO"
20,"PICKETT , TN"
29,"UPTON , TX"
90,"ROCKBRIDGE , VA"
37,"GATES , NC"
69,"WASHBURN , WI"
59,"HUERFANO , CO"
63,"LAKE , MI"
27,"MENIFEE , KY"
97,"CEDAR , IA"
23,"MINERAL , NV"
6,"PHILLIPS , MT"
55023,"MECKLENBURG , NC"
13772,"RAMSEY , MN"
20612,"HIDALGO , TX"
18319,"VIRGINIA BEACH CITY , VA"
46387,"MIDDLESEX , MA"
756,"VAN BUREN , MI"
1317,"JEFFERSON , OH"
4801,"CHESTERFIELD , VA"
1425,"COLES , IL"
332,"BEDFORD , VA"
261,"FRANKLIN , IN"
305,"FRANKLIN , GA"
124,"CONWAY , AR"
599,"LINCOLN , MS"
388,"WHITE , IN"
184,"LEE , GA"
134,"WAYNE , IL"
172,"SAN JACINTO , TX"
103,"LANGLADE , WI"
77,"BRADLEY , AR"
60,"BUCKINGHAM , VA"
55,"HUGHES , OK"
6,"HOONAH ANGOON , AK"
36,"DODDRIDGE , WV"
6871,"CLAYTON , GA"
129,"POWELL , KY"
151,"SAUNDERS , NE"
350,"BLOUNT , AL"
79,"LEWIS , KY"
4157,"BARNSTABLE , MA"
83,"ANDREW , MO"
95,"BROOKS , TX"
42,"MURRAY , MN"
27,"LEE , AR"
24,"KIOWA , OK"
12,"GOLDEN VALLEY , MT"
16,"NUCKOLLS , NE"
2437,"ORANGEBURG , SC"
464,"BELL , KY"
5507,"UTAH , UT"
3247,"WAYNESBORO CITY , VA"
1828,"HOWARD , IN"
3413,"PINAL , AZ"
2753,"RACINE , WI"
1568,"CHRISTIAN , IL"
123,"CLARKE , IA"
189,"RADFORD CITY , VA"
528,"BROWN , TX"
1642,"CARTER , OK"
252,"AMADOR , CA"
248,"SAINT CROIX , WI"
131,"PIATT , IL"
394,"HANCOCK , WV"
901,"DALLAS , IA"
457,"VENANGO , PA"
359,"POSEY , IN"
115,"SHELBY , IA"
181,"TISHOMINGO , MS"
277,"CLEBURNE , AR"
50,"DALLAM , TX"
69,"CRANE , TX"
21,"FISHER , TX"
41,"WILKINSON , GA"
107,"WEBSTER , WV"
172,"CASS , MN"
122,"ANDERSON , KY"
24,"HENDERSON , IL"
34,"NEWTON , AR"
25,"SAN JUAN , UT"
27,"MARSHALL , SD"
9,"EDDY , ND"
1,"COSTILLA , CO"
5,"GARFIELD , NE"
8,"COLUMBIA , WA"
1,"BETHEL , AK"
23647,"MONROE , NY"
795,"JEFFERSON , IN"
4147,"CHESAPEAKE CITY , VA"
19705,"PIERCE , WA"
27019,"ALLENDALE , SC"
8329,"SPOKANE , WA"
2184,"SUMTER , FL"
6459,"BELL , TX"
695,"GRENADA , MS"
974,"BUTLER , MO"
4292,"WOOD , WV"
6000,"CHAMPAIGN , IL"
460,"IRON , UT"
694,"OLDHAM , KY"
268,"MARENGO , AL"
1242,"ADAMS , IL"
2563,"SCOTT , IA"
198,"PANOLA , TX"
560,"MARTIN , NC"
339,"VAN ZANDT , TX"
165,"LASALLE PARISH , LA"
229,"YELL , AR"
6,"SWEET GRASS , MT"
284,"FRIO , TX"
54,"LINCOLN , WA"
210,"ANDREWS , TX"
92,"CASWELL , NC"
102,"CHILDRESS , TX"
854,"OZAUKEE , WI"
705,"WASHINGTON , NY"
1646,"NEWTON , MO"
333,"MONROE , MS"
332,"HARDIN , OH"
515,"CLINTON , PA"
338,"CARROLL , TN"
76,"STANTON , NE"
177,"LOVE , OK"
132,"ADAMS , WA"
40,"PHILLIPS , KS"
92,"LIVE OAK , TX"
9,"CHASE , KS"
92,"SUSSEX , VA"
26,"CHASE , NE"
28,"SAN AUGUSTINE , TX"
49,"WEST CARROLL PARISH , LA"
9,"GRANITE , MT"
17,"CLEARWATER , ID"
4,"GRANT , NE"
343730,"LOUDOUN , VA"
4246,"SONOMA , CA"
6399,"SULLIVAN , TN"
711,"BARBOUR , AL"
534,"MARSHALL , IN"
14962,"GUILFORD , NC"
3455,"ULSTER , NY"
1982,"MADISON , IN"
8634,"JEFFERSON , TX"
4896,"DOA ANA , NM"
5177,"SAN LUIS OBISPO , CA"
9889,"NEW HANOVER , NC"
8525,"NASH , NC"
4495,"ST. TAMMANY PARISH , LA"
305,"STEVENS , WA"
3848,"ROWAN , NC"
198,"MONROE , KY"
796,"OKTIBBEHA , MS"
1075,"PLATTE , MO"
795,"HENDERSON , TX"
426,"MONTGOMERY , IN"
52,"MONROE , WV"
2434,"BOWIE , TX"
4340,"BOONE , MO"
658,"FRANKLIN , NY"
2502,"MORGAN , AL"
389,"BRADFORD , FL"
170,"KARNES , TX"
256,"BOONE , IA"
211,"BARRY , MI"
244,"CRAIG , OK"
714,"MIAMI , IN"
119,"CURRY , OR"
136,"CHURCHILL , NV"
156,"STE. GENEVIEVE , MO"
186,"SCREVEN , GA"
708,"POLK , TX"
2562,"JOHNSON , IN"
2288,"DOUGLAS , GA"
1950,"BONNEVILLE , ID"
150,"MONTAGUE , TX"
191,"BEAUREGARD , LA"
563,"CARROLL , IA"
1407,"POPE , AR"
363,"CLAIBORNE , TN"
192,"MITCHELL , KS"
20,"LAFAYETTE , FL"
95,"PRESQUE ISLE , MI"
513,"TIOGA , PA"
110,"FLOYD , VA"
477,"LYON , KS"
45,"MAJOR , OK"
207,"GREENE , IN"
268,"JOHNSON , AR"
167,"NORTON , KS"
171,"PATRICK , VA"
343,"HARVEY , KS"
15,"LAMOURE , ND"
22,"GREER , OK"
34,"ATKINSON , GA"
95,"ZAPATA , TX"
22,"FERRY , WA"
12,"DENALI , AK"
48,"AITKIN , MN"
23,"CLAY , NE"
29,"HARLAN , NE"
21,"ST. CLAIR , MO"
3,"ROCK , NE"
73987,"WAYNE , MI"
11414,"MONTGOMERY , TX"
29663,"DUPAGE , IL"
2009,"CAPE GIRARDEAU , MO"
1308,"WILLIAMSBURG , SC"
5668,"SMITH , TX"
9482,"YORK , PA"
9145,"HILLSBOROUGH , NH"
448,"GARFIELD , CO"
624,"GREENE , NY"
4747,"MACON , IL"
709,"LANCASTER , SC"
2552,"CARBON , PA"
5102,"BENTON , AR"
652,"WASHINGTON PARISH , LA"
928,"LASALLE , IL"
44,"LEE , KY"
697,"PEARL RIVER , MS"
155,"JACKSON , KY"
564,"PETTIS , MO"
151,"PAYETTE , ID"
64,"GLADES , FL"
203,"HARRIS , GA"
562,"FAYETTE , OH"
122,"VILAS , WI"
90,"COLEMAN , TX"
168,"CASS , TX"
327,"BLACKFORD , IN"
1129,"MARION , OH"
895,"GIBSON , TN"
18,"EDWARDS , KS"
148,"HYDE , SD"
499,"MORTON , ND"
178,"MEIGS , OH"
106,"MCINTOSH , OK"
251,"PULASKI , GA"
81,"LONG , GA"
103,"GRANT , AR"
814,"YAMHILL , OR"
313,"IROQUOIS , IL"
82,"JEFFERSON , OR"
703,"RICE , MN"
101,"FLUVANNA , VA"
34,"CROCKETT , TX"
115,"SAINT BERNARD , LA"
4,"TOWNER , ND"
15,"SUBLETTE , WY"
7,"COTTLE , TX"
10,"NORTH SLOPE BOROUGH , AK"
1,"KING , TX"
133,"RED RIVER , TX"
21307,"RICHMOND , NY"
15122,"ORLEANS , LA"
1172,"ORANGE , TX"
326,"HAYWOOD , TN"
521,"WALLER , TX"
1119,"COFFEE , TN"
426,"ISLAND , WA"
840,"LAFOURCHE , LA"
552,"QUEEN ANNES , MD"
208,"MAGOFFIN , KY"
577,"LAWRENCE , SD"
1004,"MCMINN , TN"
473,"KAY , OK"
242,"NICOLLET , MN"
48,"THURSTON , NE"
253,"WEXFORD , MI"
437,"NEVADA , CA"
278,"LAWRENCE , KY"
431,"WILLACY , TX"
444,"MARINETTE , WI"
32,"HASKELL , TX"
457,"LINCOLN , ME"
431,"NATCHITOCHES PARISH , LA"
635,"HUNTINGDON , PA"
97,"BROWN , KS"
1062,"SANDOVAL , NM"
347,"SCOTT , IN"
358,"FRANKLIN , AL"
47,"PARK , MT"
207,"LINCOLN , KY"
177,"NEMAHA , NE"
177,"WINSTON , AL"
106,"OCHILTREE , TX"
5449,"CHITTENDEN , VT"
493,"PUTNAM , OH"
362,"UNION , SD"
361,"DALLAS , MO"
335,"OSAGE , OK"
137,"IOWA , WI"
460,"CALEDONIA , VT"
504,"EDGECOMBE , NC"
386,"HENRY , TN"
148,"CAMAS , ID"
71,"GALLATIN , KY"
3691,"MONONGALIA , WV"
49,"MADISON , VA"
25,"SCOTLAND , MO"
198,"ROCKCASTLE , KY"
55,"KODIAK ISLAND , AK"
40,"KLICKITAT , WA"
57,"CLINCH , GA"
32,"GILMER , WV"
6,"GLASCOCK , GA"
45,"ALLEN , LA"
27,"GARZA , TX"
17,"SCHLEICHER , TX"
24,"JEFFERSON , MT"
6,"LEWIS , ID"
5,"CLARK , KS"
3,"LINCOLN , KS"
17556,"NEW CASTLE , DE"
6159,"OLMSTED , MN"
77094,"ORANGE , FL"
26,"HOLT , MO"
4543,"CHARLOTTE , FL"
51933,"DAVIDSON , TN"
30561,"MULTNOMAH , OR"
1361,"BEAUFORT , NC"
1580,"MONTGOMERY , VA"
506,"LEE , IL"
911,"BOSSIER , LA"
622,"LE FLORE , OK"
930,"MARION , WV"
2022,"YOLO , CA"
3861,"ALLEN , OH"
161,"BUENA VISTA , IA"
1152,"COCONINO , AZ"
3437,"FRANKLIN , PA"
650,"DORCHESTER , MD"
113,"LE SUEUR , MN"
371,"HIGHLAND , OH"
108,"MERCER , MO"
213,"CONCORDIA PARISH , LA"
253,"WOODWARD , OK"
140,"MARSHALL , KS"
78,"WILKES , GA"
114,"CARBON , WY"
326,"NYE , NV"
490,"KNOX , IL"
175,"CHOCTAW , AL"
9,"HAAKON , SD"
7052,"FLORENCE , SC"
386,"HARDIN , TN"
73,"SOUTHAMPTON , VA"
170,"JACKSON , TX"
330,"ARANSAS , TX"
123,"SPENCER , KY"
12,"MENOMINEE , WI"
49,"MARSHALL , MN"
7,"GARFIELD , WA"
50,"BAYFIELD , WI"
74837,"CLARK , NV"
8094,"WASHINGTON , OR"
2034,"CALHOUN , MI"
46934,"PALM BEACH , FL"
10346,"DAUPHIN , PA"
15462,"ARLINGTON , VA"
2323,"SOMERSET , PA"
2471,"TANGIPAHOA PARISH , LA"
1101,"IBERIA PARISH , LA"
813,"LINCOLN , LA"
455,"STARK , ND"
169,"LEWIS , NY"
2020,"SAINT LOUIS , MN"
158,"ALLEN , KS"
697,"TITUS , TX"
274,"MARSHALL , TN"
191,"NOBLES , MN"
113,"POLK , NC"
252,"AUSTIN , TX"
250,"GRANT , NM"
259,"LYON , NV"
606,"HOOD , TX"
111,"REPUBLIC , KS"
117,"JEFFERSON , GA"
101,"RABUN , GA"
91,"BIENVILLE PARISH , LA"
53,"NORMAN , MN"
449,"EAGLE , CO"
1831,"COLUMBIANA , OH"
4647,"ALBEMARLE , VA"
1678,"GREENE , AR"
97,"PARMER , TX"
21,"TYRRELL , NC"
83,"WINKLER , TX"
14,"ROOKS , KS"
49,"WASHITA , OK"
59,"ELBERT , CO"
22,"SABINE , LA"
4,"SOUTHEAST FAIRBANKS CENSUS AREA , AK"
1,"NORTHWEST ARCTIC BOROUGH , AK"
8113,"GENESEE , MI"
11489,"LACKAWANNA , PA"
35149,"MILWAUKEE , WI"
14406,"KANAWHA , WV"
525,"GILLESPIE , TX"
13583,"KENT , MI"
776,"WILLIAMS , ND"
182,"DEAF SMITH , TX"
870,"GREENWOOD , SC"
219,"RANDOLPH , IN"
479,"CHEROKEE , OK"
529,"WAYNE , PA"
645,"PASQUOTANK , NC"
2921,"THURSTON , WA"
808,"WILLIAMS , OH"
1421,"SALEM , NJ"
519,"SHERBURNE , MN"
267,"CHEROKEE , AL"
216,"TUCKER , WV"
450,"DELAWARE , OK"
163,"BENTON , MO"
512,"MILLER , AR"
286,"CASS , IA"
36,"PERKINS , NE"
148,"PIKE , IL"
135,"WASATCH , UT"
128,"CLAY , IL"
34,"MORA , NM"
117,"JOHNSTON , OK"
131,"GRANT , SD"
10,"EMMONS , ND"
13,"OTTAWA , KS"
153,"RAY , MO"
12616,"BERKS , PA"
1457,"MONROE , FL"
1729,"DAVIDSON , NC"
421,"MASON , WV"
1663,"MADISON , KY"
72,"BAILEY , TX"
114,"UNION , KY"
19,"MONROE , MO"
684,"ST. CHARLES PARISH , LA"
402,"HUGHES , SD"
133,"ESTILL , KY"
159,"CHEROKEE , NC"
195,"FENTRESS , TN"
31,"ELLIS , OK"
35,"WALLOWA , OR"
111,"WRIGHT , MO"
64,"TRIPP , SD"
88,"BRUNSWICK , VA"
43,"BENTON , MS"
52,"GUADALUPE , NM"
213,"COLUMBIA , OR"
12,"HIGHLAND , VA"
63,"WORTH , IA"
51,"LINCOLN , AR"
84,"TETON , MT"
12,"CUSTER , ID"
4,"EAST CARROLL , LA"
9,"RAWLINS , KS"
2,"LOGAN , NE"
122970,"SAN FRANCISCO , CA"
48345,"DUVAL , FL"
27251,"DENVER , CO"
8421,"MONTEREY , CA"
6086,"CALCASIEU PARISH , LA"
8435,"LUZERNE , PA"
833,"LAMAR , MS"
1192,"TAZEWELL , IL"
527,"COAHOMA , MS"
5726,"WASHINGTON , MD"
369,"STEVENS , MN"
1736,"CLEVELAND , NC"
707,"YAZOO , MS"
1123,"COOKE , TX"
443,"FANNIN , GA"
84,"MCLEAN , ND"
786,"COLLETON , SC"
2338,"WILSON , TN"
2093,"CANYON , ID"
508,"GRANT , WI"
341,"WEST BATON ROUGE PARISH , LA"
2188,"FRANKLIN , MA"
546,"CHESTERFIELD , SC"
63,"MOFFAT , CO"
298,"JUNIATA , PA"
223,"SIMPSON , KY"
3425,"LARIMER , CO"
465,"POWHATAN , VA"
76,"MARQUETTE , WI"
183,"MCDOWELL , WV"
163,"ROANE , WV"
15,"SHANNON , SD"
29,"MAHNOMEN , MN"
112,"ASSUMPTION PARISH , LA"
24,"BEAR LAKE , ID"
20,"KIOWA , KS"
16,"DICKENS , TX"
21,"CARIBOU , ID"
13,"DEWEY , SD"
1,"SLOPE , ND"
31375,"TRAVIS , TX"
9257,"JEFFERSON , CO"
9225,"SARASOTA , FL"
1154,"LAWRENCE , OH"
22236,"MONTGOMERY , PA"
21804,"PULASKI , AR"
11281,"WILL , IL"
39142,"BALTIMORE , MD"
4178,"ONEIDA , NY"
5402,"KALAMAZOO , MI"
961,"CLAY , IA"
3658,"TIPPECANOE , IN"
1555,"ERIE , OH"
1031,"LINCOLN , NE"
403,"CLARENDON , SC"
290,"ESSEX , NY"
331,"IONIA , MI"
753,"UNION , OH"
671,"GALLIA , OH"
337,"SUSQUEHANNA , PA"
378,"LAWRENCE , IL"
129,"OCONTO , WI"
80,"BUTLER , IA"
315,"DOUGLAS , IL"
480,"ALPENA , MI"
178,"SALINE , MO"
81,"HARRISON , MO"
76,"CRITTENDEN , KY"
27,"DUNDY , NE"
2362,"MADERA , CA"
1314,"DUBUQUE , IA"
544,"COLQUITT , GA"
2208,"CRAWFORD , PA"
1204,"ST. FRANCOIS , MO"
26,"LINCOLN , MN"
90,"COMANCHE , TX"
699,"COLORADO , TX"
497,"CALAVERAS , CA"
251,"MORGAN , KY"
70,"MITCHELL , TX"
182,"PAGE , VA"
100,"POLK , AR"
113,"JEFFERSON , IA"
108,"WARREN , IL"
18,"WABAUNSEE , KS"
18,"ECHOLS , GA"
46,"NEVADA , AR"
118,"LAMPASAS , TX"
35,"COLLINGSWORTH , TX"
11,"LYMAN , SD"
21,"DEWEY , OK"
75,"MATHEWS , VA"
28,"CROWLEY , CO"
26,"GOSHEN , WY"
13,"HODGEMAN , KS"
16,"HIDALGO , NM"
5,"BETHEL CENSUS AREA , AK"
2266,"DAVIS , UT"
589,"BOONE , WV"
881,"SANDUSKY , OH"
51613,"MONTGOMERY , OH"
6659,"EAST BATON ROUGE , LA"
7819,"WILLIAMSON , TX"
2637,"CHARLES , MD"
8934,"MAHONING , OH"
2751,"BRUNSWICK , NC"
2778,"JACKSON , IL"
700,"HOKE , NC"
1144,"PUTNAM , WV"
336,"TRANSYLVANIA , NC"
6345,"MARION , FL"
219,"BOURBON , KY"
4454,"BUTTE , CA"
182,"COOK , GA"
380,"MATANUSKA-SUSITNA BOROUGH , AK"
1115,"JEFFERSON , WV"
279,"BROWN , OH"
284,"NICHOLAS , WV"
514,"SCOTT , KY"
88,"EMMET , IA"
154,"FLOYD , IA"
35,"LYON , IA"
859,"HOOD RIVER , OR"
36,"IRON , MI"
209,"UNICOI , TN"
286,"UNION , MS"
132,"BARNWELL , SC"
53,"PIPESTONE , MN"
21,"CARLISLE , KY"
362,"WEBSTER , LA"
1193,"MIDLAND , MI"
291,"GARVIN , OK"
152,"TEXAS , MO"
487,"MAHASKA , IA"
101,"CLAY , AR"
160,"TAOS , NM"
249,"SWAIN , NC"
224,"GLADWIN , MI"
255,"SEMINOLE , OK"
171,"FREESTONE , TX"
93,"BIG HORN , WY"
95,"ALLAMAKEE , IA"
87,"FALL RIVER , SD"
45,"JUAB , UT"
61,"WALSH , ND"
47,"LAMAR , AL"
35,"CLAY , TN"
68,"ZAVALA , TX"
48,"POPE , MN"
37,"VALLEY , ID"
77,"DIXIE , FL"
16,"WASHINGTON , CO"
18,"MCINTOSH , ND"
17218,"PIMA , AZ"
1053,"CHENANGO , NY"
802,"GRUNDY , IL"
8378,"HARFORD , MD"
13508,"RICHMOND CITY , VA"
2424,"ASCENSION PARISH , LA"
963,"BARREN , KY"
1540,"PAULDING , GA"
741,"WILKES , NC"
8822,"BURLINGTON , NJ"
2605,"BLACK HAWK , IA"
243,"GEARY , KS"
1060,"NASSAU , FL"
821,"BARRY , MO"
1353,"WINDHAM , CT"
275,"BEAUREGARD PARISH , LA"
1407,"LA SALLE , IL"
219,"HARDIN , IA"
1833,"ANGELINA , TX"
170,"BREMER , IA"
918,"STEUBEN , IN"
415,"OBION , TN"
148,"HOLMES , OH"
356,"MONTROSE , CO"
177,"CARROLL , VA"
141,"STAUNTON CITY , VA"
450,"COPIAH , MS"
46,"NEMAHA , KS"
192,"HARRISON , OH"
185,"CRAWFORD , WI"
109,"BERRIEN , GA"
15375,"RICHMOND , GA"
314,"EMANUEL , GA"
277,"MINGO , WV"
212,"UNION , GA"
46,"OGLETHORPE , GA"
360,"MATANUSKA SUSITNA , AK"
11,"EDMUNDS , SD"
117,"JONES , NC"
38,"NORTHUMBERLAND , VA"
24,"SAINT JAMES , LA"
32,"HARTLEY , TX"
39,"VAN BUREN , TN"
34,"OSCODA , MI"
63,"NELSON , VA"
52,"CHEROKEE , IA"
44,"COFFEY , KS"
29,"PUTNAM , IL"
6,"OLIVER , ND"
4,"SIOUX , NE"
13,"HAINES , AK"
9858,"ERIE , PA"
263,"PLAQUEMINES PARISH , LA"
297,"CHAMPAIGN , OH"
29983,"OAKLAND , MI"
9901,"LANCASTER , NE"
53543,"JACKSON , MO"
9549,"ORANGE , NY"
2058,"CENTRE , PA"
1230,"LAPORTE , IN"
12319,"BIBB , GA"
1352,"RANDALL , TX"
431,"GILA , AZ"
1494,"LIBERTY , GA"
497,"LABETTE , KS"
1124,"AUGLAIZE , OH"
3771,"ELKHART , IN"
4911,"WASHINGTON , TN"
1207,"SCOTT , MN"
374,"GRAY , TX"
944,"JACKSON , OH"
137,"DE WITT , IL"
535,"KNOX , ME"
417,"PANOLA , MS"
441,"CHESTER , SC"
244,"LETCHER , KY"
1956,"FREDERICKSBURG CITY , VA"
56,"FRANKLIN , LA"
151,"TEXAS , OK"
130,"DEWITT , TX"
218,"RUSSELL , VA"
25,"WAYNE , MO"
673,"KANDIYOHI , MN"
11,"STERLING , TX"
254,"POINSETT , AR"
102,"RENVILLE , MN"
218,"DEL NORTE , CA"
76,"TYLER , WV"
504,"BEE , TX"
47,"DAVIESS , MO"
86,"TRINITY , TX"
23,"LIBERTY , FL"
32,"KNOX , MO"
85,"OSAGE , KS"
42,"LAC QUI PARLE , MN"
8,"GOSPER , NE"
9,"QUITMAN , GA"
1,"PETERSBURG CENSUS AREA , AK"
406473,"COOK , IL"
5259,"LANE , OR"
353,"LAWRENCE , AL"
30301,"ERIE , NY"
1357,"WALKER , TX"
2235,"ROBESON , NC"
582,"COSHOCTON , OH"
233,"CLINTON , IL"
3498,"ANCHORAGE MUNICIPALITY , AK"
686,"CARSON CITY , NV"
2036,"NEOSHO , KS"
63,"SAINT JOSEPH , MI"
1666,"ARMSTRONG , PA"
2624,"GUADALUPE , TX"
1196,"MARSHALL , WV"
1873,"BERKELEY , WV"
295,"ADAMS , IN"
429,"PULASKI , VA"
520,"GARRETT , MD"
936,"WALLA WALLA , WA"
240,"MEADE , SD"
267,"MORRISON , MN"
235,"FAIRFIELD , SC"
75,"TAYLOR , WI"
224,"LYON , MN"
401,"MURRAY , OK"
9,"DE BACA , NM"
73,"CHATTAHOOCHEE , GA"
366,"RICHLAND , IL"
97,"HUTCHINSON , SD"
108,"BREATHITT , KY"
75,"MILLS , TX"
196,"WASHINGTON , IA"
111,"NEWTON , IN"
283,"MCCURTAIN , OK"
63,"ATCHISON , MO"
25,"WEST BATON ROUGE , LA"
75,"HOWARD , NE"
145,"DELTA , MI"
305,"DOUGLAS , NV"
253,"MACON , AL"
75,"WASHINGTON , ID"
83,"ADAMS , WI"
25,"HANCOCK , TN"
23,"WEST FELICIANA , LA"
20,"TRINITY , CA"
25,"TODD , SD"
15,"BROADWATER , MT"
33,"STANLEY , SD"
27,"LAKE OF THE WOODS , MN"
3,"HAINES BOROUGH , AK"
4370,"BAY , FL"
3685,"HOUSTON , AL"
16053,"COBB , GA"
4154,"RAPIDES PARISH , LA"
14010,"LAKE , IL"
5630,"KENT , DE"
1787,"GLYNN , GA"
17231,"LEE , FL"
1002,"SUMTER , GA"
187,"JASPER , MS"
45386,"MONTGOMERY , MD"
1851,"HUMBOLDT , CA"
2446,"COMANCHE , OK"
419,"FULTON , IN"
2007,"AIKEN , SC"
844,"BRISTOL , RI"
703,"PIKE , AL"
318,"ORLEANS , NY"
87,"BENEWAH , ID"
208,"SCOTT , TN"
115,"HENRY , AL"
87,"SABINE PARISH , LA"
609,"RANDOLPH , IL"
729,"WASHINGTON , OK"
725,"JIM WELLS , TX"
90,"TYLER , TX"
66,"PRATT , KS"
28,"WALWORTH , SD"
101,"EARLY , GA"
11,"KINNEY , TX"
469,"HENDRY , FL"
353,"CASS , IL"
87,"HICKORY , MO"
101,"BULLOCK , AL"
177,"JUNEAU , AK"
386,"GRANT , KY"
125,"YANCEY , NC"
4575,"PEORIA , IL"
4584,"KLAMATH , OR"
17301,"NORFOLK , MA"
257,"DECATUR , TN"
1155,"COCHISE , AZ"
2351,"STRAFFORD , NH"
795,"AROOSTOOK , ME"
545,"DUBOIS , IN"
110,"WEBSTER , KY"
205,"OUACHITA , AR"
60,"GASCONADE , MO"
50,"DAWES , NE"
104,"HICKMAN , TN"
90,"MITCHELL , NC"
736,"CATOOSA , GA"
196,"RUSH , IN"
484,"BRANCH , MI"
97,"ADAIR , OK"
217,"BOX ELDER , UT"
149,"VERNON , MO"
93,"JEFF DAVIS , GA"
35,"KODIAK ISLAND BOROUGH , AK"
62,"JENKINS , GA"
21,"CROOK , WY"
13,"SITKA CITY AND BOROUGH , AK"
15,"SAINT CLAIR , MO"
12,"NIOBRARA , WY"
26678,"ST. LOUIS , MO"
15864,"SUMMIT , OH"
13683,"VENTURA , CA"
130,"NANTUCKET , MA"
2112,"CULPEPER , VA"
654,"GALLATIN , MT"
5266,"POTTER , TX"
4909,"BUNCOMBE , NC"
2758,"ORANGE , NC"
258,"GOOCHLAND , VA"
143,"DICKINSON , IA"
122,"GRAND , CO"
300,"HARRISON , KY"
1283,"CORTLAND , NY"
1730,"HIGHLANDS , FL"
1043,"TIFT , GA"
3940,"FRANKLIN , WA"
295,"MUHLENBERG , KY"
1418,"NATRONA , WY"
102,"GILES , VA"
154,"OTOE , NE"
274,"MASON , WA"
112,"TODD , MN"
337,"OCONEE , GA"
139,"BACON , GA"
151,"PLEASANTS , WV"
45,"CHARLOTTE , VA"
709,"LEAVENWORTH , KS"
4104,"ANOKA , MN"
253,"WHITLEY , IN"
406,"HOWARD , TX"
81,"LEWIS , TN"
325,"WYOMING , NY"
454,"CRAWFORD , KS"
57,"GRANT , WV"
160,"TETON , WY"
367,"EVANGELINE PARISH , LA"
95,"SOCORRO , NM"
231,"BOTETOURT , VA"
59,"CARROLL , MO"
101,"SUMMERS , WV"
35,"MARION , KS"
23,"PULASKI , IL"
44,"GLACIER , MT"
15,"BAKER , GA"
18,"FRANKLIN , NE"
564,"NOBLE , IN"
1331,"SCOTT , MO"
11474,"LUBBOCK , TX"
59556,"SAN BERNARDINO , CA"
1477,"SURRY , NC"
3169,"WELD , CO"
268,"WARD , TX"
1419,"MIAMI , OH"
2244,"FLOYD , GA"
498,"KLEBERG , TX"
44,"CATAHOULA PARISH , LA"
635,"LAURENS , SC"
3124,"WICOMICO , MD"
3599,"CRAIGHEAD , AR"
411,"HANCOCK , MS"
1193,"BULLITT , KY"
225,"PICKENS , AL"
103,"SHOSHONE , ID"
135,"FAYETTE , IL"
247,"CLAY , MS"
366,"BARBOUR , WV"
1509,"PAYNE , OK"
491,"MECOSTA , MI"
63,"RICE , KS"
336,"TERRY , TX"
57,"HEARD , GA"
89,"CALLAHAN , TX"
1943,"WASHINGTON , MN"
63,"HOLMES , FL"
2405,"COMAL , TX"
836,"ASCENSION , LA"
478,"TANGIPAHOA , LA"
1437,"COVINGTON , AL"
344,"ORANGE , IN"
193,"SAN MIGUEL , NM"
112,"OGEMAW , MI"
8,"HAMLIN , SD"
39,"ST. CROIX ISLAND , VI"
10891,"DUTCHESS , NY"
194,"CADDO , OK"
167,"WAYNE , KY"
175,"LOS ALAMOS , NM"
36,"CHERRY , NE"
87,"JEFFERSON , FL"
42,"POCAHONTAS , IA"
19,"CLEVELAND , AR"
4,"CALDWELL , LA"
10,"SAINTE GENEVIEVE , MO"
1,"HAYES , NE"
774489,"NEW YORK , NY"
4050,"BAY , MI"
10452,"ALLEN , IN"
1389,"PARKER , TX"
588,"SENECA , OH"
2879,"HENDRICKS , IN"
456,"MCKINLEY , NM"
4751,"CABELL , WV"
1357,"LEA , NM"
4000,"RALEIGH , WV"
560,"HARLAN , KY"
3659,"LAKE , OH"
519,"YUBA , CA"
269,"BUTLER , KY"
2190,"MONTGOMERY , TN"
691,"LAPEER , MI"
581,"DES MOINES , IA"
395,"DARKE , OH"
477,"TAZEWELL , VA"
206,"GREENE , NC"
448,"NAVAJO , AZ"
590,"COOS , OR"
541,"DALE , AL"
87,"WARREN , NC"
70,"BUTLER , NE"
258,"SAINT CLAIR , AL"
4829,"ROCK ISLAND , IL"
261,"COLUMBIA , WI"
420,"BELTRAMI , MN"
932,"FULTON , NY"
61,"SCOTT , AR"
417,"MONROE , WI"
258,"CLARE , MI"
104,"CUSTER , SD"
342,"UVALDE , TX"
126,"WEBSTER , NE"
69,"WAUSHARA , WI"
49,"LANCASTER , VA"
42,"SAINT MARTIN , LA"
115,"NOBLE , OK"
49,"MIDDLESEX , VA"
64,"PULASKI , IN"
2,"BLAINE , NE"
3,"PRINCE OF WALES-HYDER CENSUS AREA , AK"
6,"STANTON , KS"
87126,"BROWARD , FL"
1318,"CORYELL , TX"
7548,"ALEXANDRIA CITY , VA"
36324,"JEFFERSON , AL"
5122,"SAGINAW , MI"
3661,"SANTA CRUZ , CA"
1318,"COFFEE , AL"
2061,"HENDERSON , NC"
430,"HALE , TX"
2659,"RANKIN , MS"
7499,"KENTON , KY"
1002,"GORDON , GA"
193,"HART , KY"
271,"BANDERA , TX"
2287,"MERCER , PA"
526,"DALLAS , AL"
117,"ORANGE , VT"
695,"BOYLE , KY"
690,"LOWNDES , MS"
688,"FAIRBANKS NORTH STAR BOROUGH , AK"
487,"TATE , MS"
47,"LIVINGSTON , KY"
94,"CRENSHAW , AL"
433,"FAIRBANKS NORTH STAR , AK"
381,"MUSCATINE , IA"
104,"EDGEFIELD , SC"
21,"HANCOCK , GA"
97,"NORTHAMPTON , VA"
541,"CROW WING , MN"
63,"SAINT CHARLES , LA"
116,"DEUEL , SD"
4420,"PLACER , CA"
717,"NEZ PERCE , ID"
4084,"HARDIN , KY"
149,"WINNESHIEK , IA"
34,"WIRT , WV"
619,"JOHNSON , KY"
326,"SIMPSON , MS"
487,"RICHLAND , ND"
97,"MISSAUKEE , MI"
40,"WESTON , WY"
84,"LITTLE RIVER , AR"
36,"CONEJOS , CO"
155,"PALO ALTO , IA"
99,"GAGE , NE"
76,"WASHAKIE , WY"
37,"GRAYSON , VA"
100,"WARREN , IN"
10,"KENEDY , TX"
20,"CAVALIER , ND"
9,"LIBERTY , MT"
46514,"FAIRFIELD , CT"
4654,"OUACHITA PARISH , LA"
249694,"KING , WA"
1618,"WHITESIDE , IL"
38746,"HAMILTON , OH"
3821,"CLAY , FL"
471,"NOLAN , TX"
407,"FAYETTE , IN"
7724,"KANE , IL"
2519,"WOODBURY , IA"
2407,"SAINT CLAIR , IL"
292,"WOODFORD , KY"
1914,"FLOYD , IN"
220,"STOKES , NC"
974,"JEFFERSON , AR"
142,"HOUSTON , MN"
1344,"COLE , MO"
103,"FRANKLIN , FL"
317,"GRAHAM , AZ"
270,"SUMNER , KS"
109,"IRWIN , GA"
567,"COLUMBIA , AR"
146,"PISCATAQUIS , ME"
260,"DECATUR , IN"
724,"ISABELLA , MI"
228,"EASTLAND , TX"
38,"COTTON , OK"
107,"CLEBURNE , AL"
108,"JONES , IA"
19,"PERKINS , SD"
8,"KINGMAN , KS"
26146,"SALT LAKE , UT"
447,"JASPER , IA"
34,"FLORENCE , WI"
310,"MORROW , OH"
2756,"GRAYSON , TX"
334,"OHIO , KY"
465,"COLONIAL HEIGHTS CITY , VA"
376,"LINCOLN , WV"
81,"CONECUH , AL"
539,"TEHAMA , CA"
700,"BEADLE , SD"
205,"FRANKLIN , ME"
81,"MARSHALL , IL"
63,"LYON , KY"
115,"CLARKE , MS"
48,"MILLARD , UT"
11,"MENARD , TX"
35,"LAKE , OR"
14,"KANE , UT"
4,"STEELE , ND"
20,"SUTTON , TX"
1,"JUDITH BASIN , MT"
29,"BATH , VA"
16,"WEBSTER , GA"
46,"TELFAIR , GA"
2,"NORTHWEST ARCTIC , AK"
4,"HANSFORD , TX"
34,"RINGGOLD , IA"
4,"PRINCE OF WALES HYDER , AK"
7,"WRANGELL , AK"
130165,"SUFFOLK , MA"
84326,"SAN DIEGO , CA"
3906,"ST. CHARLES , MO"
7229,"BUTLER , OH"
183,"LOUISA , VA"
12899,"DOUGLAS , CO"
438,"ADAIR , MO"
10270,"MADISON , AL"
10965,"SPARTANBURG , SC"
1372,"BROOMFIELD , CO"
153,"CARROLL , AR"
101,"CEDAR , MO"
1445,"CASS , MO"
925,"HOPEWELL CITY , VA"
849,"POLK , GA"
412,"AVOYELLES PARISH , LA"
3171,"SUTTER , CA"
525,"IBERVILLE PARISH , LA"
568,"WRIGHT , MN"
43,"WEST CARROLL , LA"
922,"FAUQUIER , VA"
340,"SULLIVAN , NH"
292,"WOODFORD , IL"
103,"SALINE , NE"
507,"MADISON , FL"
478,"WARREN , IA"
483,"OKEECHOBEE , FL"
204,"KENAI PENINSULA , AK"
121,"ROUTT , CO"
80,"POLK , TN"
190,"MARTIN , MN"
142,"OSCEOLA , MI"
111,"GRUNDY , TN"
5231,"SANGAMON , IL"
2432,"PENOBSCOT , ME"
631,"MACOUPIN , IL"
254,"MADISON , NC"
21,"BRULE , SD"
983,"BANNOCK , ID"
823,"ST. BERNARD PARISH , LA"
29,"MORRIS , KS"
153,"PHELPS , NE"
158,"RICHARDSON , NE"
6,"PONDERA , MT"
45,"GREENE , MS"
105,"ATOKA , OK"
44,"JACKSON , MN"
39,"LANIER , GA"
108,"MISSISSIPPI , MO"
149,"RUSK , WI"
39,"ALCONA , MI"
33,"VAN BUREN , IA"
61,"KOSSUTH , IA"
19,"CORSON , SD"
42,"BOWMAN , ND"
17,"PRESIDIO , TX"
13,"OGLALA LAKOTA , SD"
3,"TREASURE , MT"
3,"PIUTE , UT"
33557,"ALAMEDA , CA"
525,"ACADIA PARISH , LA"
22537,"GREENVILLE , SC"
8353,"CADDO PARISH , LA"
6103,"WINNEBAGO , IL"
551,"STARR , TX"
3715,"CUMBERLAND , NJ"
4656,"SAINT TAMMANY , LA"
1575,"CRAVEN , NC"
3600,"HAWAII , HI"
541,"ROANE , TN"
3027,"OSWEGO , NY"
2527,"GRAND TRAVERSE , MI"
2400,"MARIN , CA"
281,"ORANGE , VA"
1982,"MUSKOGEE , OK"
1065,"BENTON , OR"
1840,"WILSON , NC"
1554,"TWIN FALLS , ID"
515,"VERMILION PARISH , LA"
640,"MISSISSIPPI , AR"
33,"FOREST , WI"
652,"MADISON , NE"
412,"STEPHENS , OK"
291,"DAWSON , GA"
213,"ACCOMACK , VA"
62,"FOSTER , ND"
223,"JACKSON , AR"
99,"WASHINGTON , IL"
208,"TAYLOR , WV"
42,"CARROLL , IL"
47,"ALGER , MI"
70,"EVANS , GA"
119,"LATIMER , OK"
392,"NORTON CITY , VA"
3040,"OUTAGAMIE , WI"
3728,"ROANOKE , VA"
3723,"GREGG , TX"
377,"PRINCE GEORGE , VA"
43,"MENARD , IL"
179,"AUDRAIN , MO"
345,"WAYNE , GA"
143,"HALE , AL"
72,"GREEN , KY"
81,"CHIPPEWA , MN"
4,"POWDER RIVER , MT"
110,"FAYETTE , IA"
60,"HANCOCK , KY"
37,"QUITMAN , MS"
28,"DUNN , ND"
24,"SAN SABA , TX"
15,"CHOUTEAU , MT"
11,"DEUEL , NE"
8,"LANE , KS"
5,"WHEATLAND , MT"
2,"DIVIDE , ND"
169727,"ESSEX , NJ"
640,"BROWN , SD"
8459,"WEBB , TX"
3560,"CLAY , MO"
37086,"BERGEN , NJ"
1158,"OTSEGO , NY"
2813,"ROCK , WI"
456,"SAINT MARYS , MD"
1764,"PICKENS , SC"
188,"FANNIN , TX"
1342,"CITRUS , FL"
591,"MONTOUR , PA"
256,"PITTSYLVANIA , VA"
126,"CANNON , TN"
404,"FRANKLIN , IL"
1199,"FRANKLIN , KY"
168,"KALKASKA , MI"
1688,"CARROLL , GA"
377,"CAMPBELL , VA"
320,"CHESTER , TN"
631,"LOUDON , TN"
588,"SEQUOYAH , OK"
142,"PIKE , MO"
264,"DESOTO , FL"
119,"LIVINGSTON , LA"
89,"RICHLAND , WI"
140,"DAWSON , TX"
164,"JO DAVIESS , IL"
60,"PLUMAS , CA"
225,"WAKULLA , FL"
226,"VERNON , WI"
248,"FRANKLIN , KS"
4038,"MUSKEGON , MI"
719,"FAYETTE , TN"
822,"DICKSON , TN"
1011,"WISE , TX"
284,"WEBSTER , MO"
491,"HAYWOOD , NC"
57,"PROWERS , CO"
102,"MACKINAC , MI"
383,"CHIPPEWA , MI"
59,"CALHOUN , AR"
679,"MACON , TN"
29,"EDWARDS , IL"
182,"MIAMI , KS"
113,"JOHNSON , TN"
109,"PUSHMATAHA , OK"
50,"SMITH , KS"
53,"HAMILTON , IL"
56,"BATES , MO"
72,"SWISHER , TX"
29,"PAWNEE , NE"
14,"SHERIDAN , KS"
40,"TETON , ID"
20,"PUTNAM , MO"
9,"WAHKIAKUM , WA"
5,"HARDING , SD"
2,"WADE HAMPTON CENSUS AREA , AK"
52212,"RIVERSIDE , CA"
2417,"MONROE , IN"
21579,"CAMDEN , NJ"
2199,"HUNTERDON , NJ"
1989,"KANKAKEE , IL"
3603,"ST. LOUIS , MN"
667,"JEFFERSON , PA"
1172,"BELMONT , OH"
9035,"LAFAYETTE PARISH , LA"
4947,"OTTAWA , MI"
954,"SAINT LUCIE , FL"
226,"HILL , MT"
3221,"CHAUTAUQUA , NY"
194,"HARDEMAN , TN"
229,"MCCREARY , KY"
443,"FRANKLIN , TN"
362,"HART , GA"
1855,"JOHNSON , TX"
494,"DICKINSON , MI"
196,"OVERTON , TN"
71,"MCCORMICK , SC"
807,"GENESEE , NY"
165,"MACON , MO"
1172,"RENO , KS"
66,"BOONE , NE"
3406,"MCLEAN , IL"
174,"NATCHITOCHES , LA"
45,"MONTGOMERY , AR"
1857,"CADDO , LA"
296,"WINDHAM , VT"
2557,"JACKSON , MS"
30,"SPINK , SD"
16,"LOVING , TX"
434,"WAUPACA , WI"
26,"CHARLES CITY , VA"
124,"RICHLAND , MT"
36,"BON HOMME , SD"
107,"PAWNEE , OK"
118,"KING WILLIAM , VA"
35,"CULBERSON , TX"
43,"LYNN , TX"
40,"PLAQUEMINES , LA"
14,"CATAHOULA , LA"
15414,"ONONDAGA , NY"
8619,"STARK , OH"
198598,"DISTRICT OF COLUMBIA , DC"
612,"CAMPBELL , WY"
5401,"WARREN , KY"
16031,"OCEAN , NJ"
15470,"NORFOLK CITY , VA"
386,"APPLING , GA"
12596,"FORT BEND , TX"
2778,"MERRIMACK , NH"
561,"BURKE , GA"
458,"HENRY , IN"
4647,"ST. JOSEPH , IN"
530,"CHEROKEE , SC"
2946,"SHASTA , CA"
65,"GUNNISON , CO"
2146,"ST. JOHNS , FL"
269,"SANTA CRUZ , AZ"
1675,"BLUE EARTH , MN"
293,"PALO PINTO , TX"
321,"CHAMBERS , AL"
759,"STANLY , NC"
77,"PENDLETON , WV"
76,"PENDLETON , KY"
109,"GREENLEE , AZ"
63,"GILCHRIST , FL"
399,"WINONA , MN"
234,"TAYLOR , FL"
146,"AVOYELLES , LA"
107,"MORGAN , GA"
301,"SANPETE , UT"
178,"HEMPSTEAD , AR"
61,"IDAHO , ID"
63,"ELLSWORTH , KS"
460,"DAVIESS , IN"
683,"BOONE , AR"
68,"BRISTOL , VA"
535,"STUTSMAN , ND"
106,"LAWRENCE , MS"
3,"NOME CENSUS AREA , AK"
695,"MERCER , OH"
105,"BENTON , TN"
111,"BARTON , MO"
58,"MARSHALL , OK"
126,"CHEBOYGAN , MI"
563,"MONTGOMERY , IL"
72,"OSAGE , MO"
64,"MITCHELL , IA"
130,"CLARK , WI"
29,"HEMPHILL , TX"
13,"ONEIDA , ID"
21,"GREELEY , KS"
40,"FOARD , TX"
15,"OZARK , MO"
49,"OKFUSKEE , OK"
11,"TALIAFERRO , GA"
3,"JEWELL , KS"
1,"LAKE AND PENINSULA , AK"
293892,"BRONX , NY"
41616,"HONOLULU , HI"
2766,"STAFFORD , VA"
3035,"WHITFIELD , GA"
11619,"ST. LOUIS CITY , MO"
2658,"STORY , IA"
11991,"WESTMORELAND , PA"
450,"SAN BENITO , CA"
1904,"WOOD , OH"
3748,"IREDELL , NC"
80,"FRANKLIN , MS"
950,"LONOKE , AR"
2865,"KENT , RI"
255,"GALAX CITY , VA"
1694,"RAPIDES , LA"
756,"ROWAN , KY"
449,"WARREN , TN"
321,"CRAWFORD , IA"
1781,"WILLIAMSON , IL"
376,"PIKE , OH"
266,"COVINGTON , MS"
45,"OWYHEE , ID"
812,"HALL , NE"
216,"PONTOTOC , MS"
1140,"TANEY , MO"
109,"UINTAH , UT"
399,"STEPHENS , GA"
231,"PERRY , PA"
242,"CURRITUCK , NC"
39,"HANCOCK , IA"
157,"GULF , FL"
1776,"WARD , ND"
31,"PEMBINA , ND"
263,"BUTLER , AL"
123,"RAMSEY , ND"
329,"REEVES , TX"
22,"JIM HOGG , TX"
44,"NICHOLAS , KY"
78,"RANDOLPH , AR"
27,"CASTRO , TX"
38,"RICHMOND , VA"
55,"ROSEBUD , MT"
10,"BROWN , NE"
10,"RICH , UT"
15,"LOGAN , KS"
10,"BLAINE , MT"
15,"SIOUX , ND"
519292,"LOS ANGELES , CA"
808,"POLK , OR"
3893,"UNION , NC"
4754,"PUEBLO , CO"
746,"MANITOWOC , WI"
383,"GRATIOT , MI"
492,"DILLON , SC"
2301,"YAVAPAI , AZ"
684,"ELKO , NV"
295,"WYTHE , VA"
362,"ONEIDA , WI"
2779,"PORTSMOUTH CITY , VA"
290,"WINCHESTER CITY , VA"
273,"BROWN , MN"
655,"CASS , IN"
796,"SAINT CLAIR , MI"
862,"WHARTON , TX"
1444,"BARTHOLOMEW , IN"
133,"LAMB , TX"
294,"HARALSON , GA"
114,"BRAXTON , WV"
483,"PERSON , NC"
98,"KANABEC , MN"
56,"IRON , MO"
44,"TODD , KY"
134,"MONTGOMERY , NC"
81,"REFUGIO , TX"
371,"JEFFERSON DAVIS PARISH , LA"
61,"DONIPHAN , KS"
1259,"GREENE , TN"
183,"CARROLL , IN"
90,"MONTGOMERY , IA"
303,"FULTON , IL"
130,"LAVACA , TX"
82,"ROOSEVELT , NM"
1085,"MARSHALL , AL"
19,"HAMILTON , NY"
274,"ANSON , NC"
96,"BUFFALO , WI"
56,"FERGUS , MT"
88,"MEEKER , MN"
31,"ROLETTE , ND"
74,"CHARLES MIX , SD"
2,"AURORA , SD"
2,"BANNER , NE"
2,"GARFIELD , MT"
225548,"DALLAS , TX"
4179,"DESOTO , MS"
467,"GREENBRIER , WV"
7785,"MINNEHAHA , SD"
2123,"TUSCARAWAS , OH"
8200,"PASCO , FL"
463,"SEWARD , KS"
2794,"MOHAVE , AZ"
330,"SCOTT , VA"
4792,"YORK , SC"
262,"EDGAR , IL"
3145,"YAKIMA , WA"
1699,"GRAND FORKS , ND"
1797,"ST. CLAIR , MI"
373,"SALINE , IL"
2942,"PENNINGTON , SD"
1594,"SUSSEX , NJ"
763,"RILEY , KS"
689,"WEAKLEY , TN"
2565,"TERREBONNE PARISH , LA"
501,"SAINT LANDRY , LA"
124,"FALLS , TX"
99,"RIPLEY , MO"
1522,"MESA , CO"
282,"CALLAWAY , MO"
532,"CLARK , KY"
15,"GRANT , LA"
440,"SILVER BOW , MT"
517,"MONTCALM , MI"
24,"GLASSCOCK , TX"
255,"PLYMOUTH , IA"
282,"STEELE , MN"
131,"FREMONT , IA"
160,"MILLS , IA"
124,"CRAWFORD , IL"
380,"GADSDEN , FL"
657,"CLARION , PA"
1459,"MERCER , WV"
88,"TURNER , SD"
213,"VERMILLION , IN"
268,"GRAYSON , KY"
183,"BOND , IL"
33,"GENTRY , MO"
65,"JACKSON , WI"
37,"CLAIBORNE , LA"
19,"SEARCY , AR"
70,"POWER , ID"
74,"RED WILLOW , NE"
64,"CRAWFORD , IN"
75,"CLINTON , KY"
26,"DEWITT , IL"
10,"MASON , TX"
29,"TALBOT , GA"
3,"ST. JOHN ISLAND , VI"
15,"ARMSTRONG , TX"
4,"BUFFALO , SD"
50941,"DOUGLAS , NE"
3992,"TOM GREEN , TX"
4143,"HARRISON , WV"
113635,"HILLSBOROUGH , FL"
141,"MADISON , MO"
283,"POWESHIEK , IA"
13142,"WYANDOTTE , KS"
3594,"PRINCE GEORGES , MD"
12908,"LANCASTER , PA"
5995,"BRAZORIA , TX"
1175,"NACOGDOCHES , TX"
1283,"OUACHITA , LA"
3545,"WILLIAMSON , TN"
826,"WHITLEY , KY"
3405,"BEAUFORT , SC"
733,"PENDER , NC"
571,"CLINTON , OH"
434,"TIOGA , NY"
515,"CARTER , KY"
616,"HENRY , VA"
1697,"BERRIEN , MI"
447,"TALLAPOOSA , AL"
1148,"MORGAN , CO"
189,"GLOUCESTER , VA"
1078,"BELKNAP , NH"
502,"BROOKE , WV"
2274,"WAYNE , NC"
77,"OREGON , MO"
617,"COCKE , TN"
102,"MONONA , IA"
82,"MONTMORENCY , MI"
678,"CLAY , IN"
295,"GIBSON , IN"
973,"ROBERTSON , TN"
1024,"BURKE , NC"
161,"SCURRY , TX"
2915,"CHRISTIAN , KY"
446,"HURON , MI"
44,"COLFAX , NE"
250,"JERSEY , IL"
735,"WARRICK , IN"
163,"KITTSON , MN"
39,"KEMPER , MS"
191,"CROSS , AR"
678,"WARREN , MS"
105,"JASPER , GA"
104,"HOUSTON , TN"
104,"CARBON , UT"
32,"CLAYTON , IA"
32,"STARK , IL"
26,"KNOX , TX"
7,"EUREKA , NV"
8,"GRIGGS , ND"
4,"BENNETT , SD"
2,"SAN JUAN , CO"
1,"BUENA VISTA CITY , VA"
7274,"BUCHANAN , MO"
2202,"COWLITZ , WA"
147,"WYANDOT , OH"
1586,"WASHINGTON , OH"
1159,"GARFIELD , OK"
2750,"PORTER , IN"
1707,"CAYUGA , NY"
718,"MINERAL , WV"
5730,"MADISON , IL"
713,"OTERO , NM"
467,"JACKSON , WV"
1668,"BOYD , KY"
423,"CHATHAM , NC"
925,"MIFFLIN , PA"
102,"MERIWETHER , GA"
64,"RANDOLPH , GA"
210,"JASPER , SC"
48,"CRAWFORD , GA"
638,"STEPHENSON , IL"
1567,"MARQUETTE , MI"
1209,"INDEPENDENCE , AR"
1273,"TOMPKINS , NY"
484,"SHERIDAN , WY"
766,"DAVIE , NC"
367,"PRENTISS , MS"
82,"WOODS , OK"
66,"GRANT , KS"
136,"CLARK , IL"
88,"UNION , IA"
49,"CLAY , WV"
208,"MARION , TN"
21,"SCHUYLER , IL"
11,"SHANNON , MO"
23,"WASHINGTON , KS"
24,"KIMBALL , NE"
258976,"QUEENS , NY"
9818,"CUMBERLAND , NC"
32076,"FAIRFAX , VA"
319,"TUOLUMNE , CA"
15409,"MERCER , NJ"
6016,"SUSSEX , DE"
4102,"ANDROSCOGGIN , ME"
21427,"BERNALILLO , NM"
6896,"GREENE , MO"
6705,"MCLENNAN , TX"
222,"BARNES , ND"
1395,"FRANKLIN , MO"
6271,"STEARNS , MN"
397,"CLINTON , MI"
1102,"BRYAN , GA"
123,"SAINT FRANCIS , AR"
257,"CASSIA , ID"
740,"WELLS , IN"
2277,"CLARK , OH"
716,"FLATHEAD , MT"
884,"LINN , OR"
767,"ADAMS , NE"
109,"WADENA , MN"
1671,"MISSOULA , MT"
153,"VAN BUREN , AR"
441,"SCOTTS BLUFF , NE"
65,"STONE , AR"
60,"ESSEX , VA"
94,"WESTMORELAND , VA"
228,"MARTIN , TX"
105,"GOODING , ID"
180,"SHELBY , TX"
202,"WAYNE , MS"
226,"GREENE , IA"
102,"TURNER , GA"
68,"LINCOLN , MT"
225,"ISANTI , MN"
502,"BURNET , TX"
1238,"EATON , MI"
331,"RIPLEY , IN"
159,"SEWARD , NE"
102,"RUNNELS , TX"
564,"WASHINGTON , TX"
239,"MANISTEE , MI"
404,"CLALLAM , WA"
551,"YORK , VA"
37,"IDA , IA"
202,"CARLTON , MN"
38,"POQUOSON CITY , VA"
53,"NEWTON , TX"
25,"TRAVERSE , MN"
38,"OWEN , KY"
22,"KEOKUK , IA"
80,"WAYNE , TN"
50,"MILLER , GA"
11,"JEFF DAVIS , TX"
45,"MOORE , TN"
14,"CALHOUN , IL"
25,"SHERIDAN , NE"
2,"THOMAS , NE"
12,"ASSUMPTION , LA"
1,"ALEUTIANS EAST , AK"
154509,"FULTON , GA"
1993,"CACHE , UT"
17988,"JEFFERSON PARISH , LA"
7408,"WASHINGTON , AR"
6101,"CUMBERLAND , PA"
3334,"YELLOWSTONE , MT"
4506,"CLARK , WA"
4190,"NEWPORT NEWS CITY , VA"
5386,"BUTLER , PA"
1446,"CALVERT , MD"
667,"LINCOLN , SD"
120,"SALUDA , SC"
4169,"HENRY , GA"
1809,"LAFOURCHE PARISH , LA"
99,"MCINTOSH , GA"
447,"BEDFORD , TN"
290,"BROOKS , GA"
555,"NESHOBA , MS"
151,"TILLAMOOK , OR"
60,"CARROLL , MS"
70,"MORRIS , TX"
427,"VERNON PARISH , LA"
54,"BUTTE , SD"
117,"POCAHONTAS , WV"
277,"DAWSON , NE"
56,"CARSON , TX"
141,"MILLE LACS , MN"
90,"DANIELS , MT"
417,"CARTER , TN"
188,"BUCHANAN , VA"
50,"HALL , TX"
113,"LUCAS , IA"
101,"MORGAN , WV"
1076,"COLUMBIA , PA"
202,"MONROE , AL"
400,"MACON , NC"
351,"SUMMIT , UT"
762,"HOT SPRING , AR"
40,"CONCHO , TX"
136,"CRAWFORD , MI"
655,"HAWKINS , TN"
123,"RED RIVER PARISH , LA"
75,"AMELIA , VA"
33,"BEAVER , UT"
11,"MINERAL , MT"
94,"VERMILION , LA"
190,"APACHE , AZ"
40,"GRAND , UT"
113,"GEORGE , MS"
92,"LAWRENCE , AR"
18,"HARPER , OK"
9,"SARGENT , ND"
5,"RICHLAND , LA"
7430,"ALACHUA , FL"
714,"OTTAWA , OK"
3551,"CHEMUNG , NY"
47873,"WESTCHESTER , NY"
367,"WARREN , PA"
7925,"SNOHOMISH , WA"
2874,"ST JOSEPH , IN"
2460,"LICKING , OH"
2530,"SCIOTO , OH"
693,"MCDONOUGH , IL"
1239,"CATTARAUGUS , NY"
3330,"DAVIESS , KY"
2655,"SUFFOLK CITY , VA"
826,"CARVER , MN"
242,"EMPORIA CITY , VA"
1553,"CLEARFIELD , PA"
639,"SAINT LAWRENCE , NY"
6522,"BROOME , NY"
273,"TELLER , CO"
843,"ALCORN , MS"
621,"CURRY , NM"
189,"TIPTON , IN"
229,"POINTE COUPEE PARISH , LA"
94,"WAYNE , IA"
98,"SHARP , AR"
168,"SHELBY , IL"
379,"CLINTON , IN"
276,"HABERSHAM , GA"
202,"CLINTON , MO"
126,"LINCOLN , WY"
317,"ALBANY , WY"
106,"WEBSTER , MS"
145,"OKANOGAN , WA"
67,"BLECKLEY , GA"
78,"CLAY , SD"
169,"PARK , WY"
1434,"ANDERSON , TN"
5057,"CASS , ND"
28,"STAFFORD , KS"
126,"OWEN , IN"
98,"NOTTOWAY , VA"
447,"BEDFORD , PA"
127,"PERRY , AR"
350,"FRANKLIN , VA"
129,"GREENE , GA"
169,"TAMA , IA"
235,"ELBERT , GA"
52,"BENSON , ND"
123,"NOBLE , OH"
34,"BEAVERHEAD , MT"
77,"KEITH , NE"
69,"WALTHALL , MS"
101,"MERCER , IL"
7,"CIMARRON , OK"
8,"ROGER MILLS , OK"
49,"SAN JUAN , WA"
354581,"KINGS , NY"
26914,"HAMPDEN , MA"
186938,"MARICOPA , AZ"
1167,"CRITTENDEN , AR"
754,"UMATILLA , OR"
333,"VAN WERT , OH"
6357,"LEXINGTON , SC"
19714,"COLLIN , TX"
2744,"KENOSHA , WI"
3299,"BERKSHIRE , MA"
146,"MCPHERSON , KS"
3991,"WARREN , NY"
249,"GREEN , WI"
2422,"CLACKAMAS , OR"
1464,"FALLS CHURCH CITY , VA"
1764,"NEWTON , GA"
348,"CLATSOP , OR"
3278,"LAUDERDALE , MS"
1286,"BRADFORD , PA"
1100,"KAUAI , HI"
424,"CRAWFORD , AR"
710,"MENDOCINO , CA"
3316,"ONSLOW , NC"
2062,"BRYAN , OK"
229,"WILBARGER , TX"
336,"BREWSTER , TX"
295,"JONES , GA"
285,"PEMISCOT , MO"
175,"WASHINGTON , MO"
229,"WHITE , TN"
1796,"MOORE , NC"
605,"JACKSON , NC"
485,"PEACH , GA"
1382,"ONTARIO , NY"
219,"LEE , TX"
144,"NORTHAMPTON , NC"
741,"HARRISON , TX"
71,"MASON , IL"
273,"HERTFORD , NC"
5,"DELTA , TX"
134,"CLARKE , VA"
380,"SENECA , NY"
78,"MONITEAU , MO"
40,"OSBORNE , KS"
105,"WAYNE , NE"
79,"HAMILTON , FL"
148,"LEE , VA"
38,"YUKON KOYUKUK , AK"
47,"SIBLEY , MN"
78,"DAWSON , MT"
45,"GOVE , KS"
74,"LAKE , SD"
6,"ROBERTS , TX"
213,"UNION , SC"
5286,"LARAMIE , WY"
5330,"ROCKINGHAM , NH"
3255,"BOULDER , CO"
1564,"ROGERS , OK"
7652,"NEW LONDON , CT"
2105,"FOND DU LAC , WI"
45203,"MARION , IN"
802,"LIMESTONE , TX"
4247,"DAKOTA , MN"
6579,"INGHAM , MI"
84,"MADISON , TX"
195,"POTTAWATOMIE , KS"
227,"CANDLER , GA"
2379,"MIDDLESEX , CT"
2541,"BEAVER , PA"
4322,"TAYLOR , TX"
3480,"KITSAP , WA"
3787,"ST. LUCIE , FL"
383,"MARSHALL , KY"
1286,"MARATHON , WI"
229,"SMYTH , VA"
270,"MARSHALL , MS"
817,"LEWIS AND CLARK , MT"
199,"CHOCTAW , OK"
229,"RANDOLPH , MO"
129,"CHARLEVOIX , MI"
120,"IBERIA , LA"
104,"FRANKLIN CITY , VA"
39,"KETCHIKAN GATEWAY , AK"
10212,"OSCEOLA , FL"
23314,"MONMOUTH , NJ"
6915,"CHESTER , PA"
241,"ASHLEY , AR"
63,"GREENSVILLE , VA"
327,"OTERO , CO"
226,"WALDO , ME"
67,"REDWOOD , MN"
35,"KETCHIKAN GATEWAY BOROUGH , AK"
14,"IRION , TX"
873,"OTTER TAIL , MN"
487,"MONROE , IL"
154,"MARLBORO , SC"
15,"TENSAS PARISH , LA"
10,"EAST FELICIANA , LA"
8,"CRAIG , VA"
18,"BARBER , KS"
12,"HOWARD , IA"
4823,"BLAIR , PA"
2044,"BULLOCH , GA"
11394,"LEHIGH , PA"
242,"BROOKINGS , SD"
1238,"WAYNE , WV"
21588,"DELAWARE , PA"
472,"JACKSON , AL"
1213,"LENOIR , NC"
13883,"DENTON , TX"
2146,"DEKALB , IL"
1412,"WHATCOM , WA"
4514,"SARATOGA , NY"
98,"APPANOOSE , IA"
1094,"PETERSBURG CITY , VA"
387,"MOREHOUSE PARISH , LA"
3030,"BOSSIER PARISH , LA"
1183,"SPALDING , GA"
469,"MORGAN , IN"
1018,"UPSHUR , WV"
491,"UNION , PA"
225,"JEFFERSON , WA"
172,"NEW KENT , VA"
120,"TATTNALL , GA"
124,"LEELANAU , MI"
17,"SCHOOLCRAFT , MI"
671,"POLK , MO"
550,"WOOD , TX"
1795,"BARTOW , GA"
23,"BENT , CO"
98,"HAMILTON , NE"
57,"BIG HORN , MT"
118,"CIBOLA , NM"
115,"SCOTT , KS"
28,"ANTELOPE , NE"
278,"FRANKLIN , VT"
148,"WABASH , IL"
108,"DELTA , CO"
49,"TREGO , KS"
182,"KING GEORGE , VA"
67,"ROCK , MN"
146,"CARROLL , OH"
135,"BOX BUTTE , NE"
59,"BAKER , OR"
13,"LANDER , NV"
127,"DIMMIT , TX"
7,"HINSDALE , CO"
4,"GREELEY , NE"
4,"PETERSBURG , AK"
18,"GRANT , OR"
5,"WOODSON , KS"
7207,"LEON , FL"
35557,"OKLAHOMA , OK"
17469,"KNOX , TN"
3805,"SHAWNEE , KS"
976,"GRAYS HARBOR , WA"
12383,"STANISLAUS , CA"
885,"CHRISTIAN , MO"
242,"TAYLOR , GA"
2510,"LOWNDES , GA"
2480,"FAIRFIELD , OH"
2383,"SPOTSYLVANIA , VA"
1417,"GRAFTON , NH"
748,"JEFFERSON , IL"
711,"MONTGOMERY , KS"
717,"SISKIYOU , CA"
912,"CREEK , OK"
63,"DOUGLAS , MO"
1083,"KNOX , KY"
1847,"KNOX , IN"
1166,"CULLMAN , AL"
118,"GRAINGER , TN"
319,"ST. JAMES PARISH , LA"
248,"YANKTON , SD"
187,"CASS , NE"
220,"LA PAZ , AZ"
278,"CAROLINE , MD"
367,"COWLEY , KS"
828,"POTTAWATOMIE , OK"
20,"SAGUACHE , CO"
172,"CARROLL , KY"
49,"MCLEAN , KY"
80,"BIG STONE , MN"
719,"YADKIN , NC"
8954,"CHATHAM , GA"
5363,"WAUKESHA , WI"
2243,"KINGS , CA"
373,"CRAWFORD , MO"
617,"MCCLAIN , OK"
41,"TWIGGS , GA"
206,"ROSCOMMON , MI"
127,"CUMING , NE"
77,"COVINGTON CITY , VA"
378,"MINIDOKA , ID"
26,"CAMDEN , NC"
80,"GRUNDY , IA"
115,"YELLOW MEDICINE , MN"
45,"JEFFERSON DAVIS , LA"
23,"CALHOUN , WV"
100,"RANDOLPH , AL"
32,"CUSTER , CO"
6,"WINN , LA"
25,"GILPIN , CO"
38,"BLAND , VA"
18876,"GWINNETT , GA"
9819,"HOWARD , MD"
2069,"STEUBEN , NY"
517,"WAYNE , NY"
2548,"HAMPTON CITY , VA"
451,"JESSAMINE , KY"
1263,"MORGAN , IL"
307,"HALIFAX , VA"
216,"WYOMING , PA"
95,"GREENE , AL"
859,"CALLOWAY , KY"
1129,"CHESHIRE , NH"
232,"DEKALB , TN"
1998,"TOLLAND , CT"
573,"BINGHAM , ID"
890,"BARROW , GA"
539,"GILMER , GA"
120,"CROOK , OR"
2056,"THOMAS , GA"
294,"MARION , MO"
137,"APPOMATTOX , VA"
153,"DODGE , MN"
758,"HALIFAX , NC"
127,"SEMINOLE , GA"
956,"EL DORADO , CA"
128,"SCHUYLER , NY"
22,"SCHUYLER , MO"
1065,"NEWBERRY , SC"
1435,"ROCKWALL , TX"
255,"DICKEY , ND"
363,"BLEDSOE , TN"
21,"GRANT , OK"
63,"LINN , MO"
26,"SWITZERLAND , IN"
54,"VINTON , OH"
6,"ESMERALDA , NV"
482,"GRANVILLE , NC"
218,"CLAY , AL"
167,"SOMERVELL , TX"
120,"CHEYENNE , NE"
28,"CALHOUN , GA"
61,"PERRY , TN"
38,"POLK , NE"
10,"JACKSON , SD"
65,"LOUISA , IA"
15,"MUSSELSHELL , MT"
3,"BILLINGS , ND"
113,"JONES , TX"
11,"PRAIRIE , MT"
12,"OLDHAM , TX"
12,"LAKE , CO"
3,"CARTER , MT"
10767,"ATLANTIC , NJ"
478,"PERRY , KY"
60256,"BALTIMORE CITY , MD"
5389,"TUSCALOOSA , AL"
3705,"HALL , GA"
3539,"VICTORIA , TX"
7569,"LAKE , FL"
4754,"HARRISON , MS"
655,"CUMBERLAND , TN"
523,"WALWORTH , WI"
867,"ST. MARTIN PARISH , LA"
2648,"DOUGHERTY , GA"
786,"RICHMOND , NC"
177,"NEWTON , MS"
89,"CHOCTAW , MS"
286,"MCDUFFIE , GA"
303,"JACKSON , TN"
505,"DUPLIN , NC"
243,"BENTON , MN"
167,"MADISON , GA"
176,"LEAKE , MS"
99,"CALHOUN , FL"
24788,"EL PASO , TX"
1185,"ADAMS , PA"
33,"JOHNSON , GA"
2238,"HAMPSHIRE , MA"
118,"DENT , MO"
621,"DEKALB , AL"
2487,"JEFFERSON , MO"
28,"ARCHER , TX"
54,"MARION , TX"
263,"PITKIN , CO"
379,"LESLIE , KY"
63,"LAKE , MN"
33,"CAMERON , PA"
42,"COAL , OK"
20,"SURRY , VA"
18,"MADISON , MT"
86,"GUTHRIE , IA"
10,"SEDGWICK , CO"
31,"ALFALFA , OK"
2,"DAGGETT , UT"
9,"SHERMAN , TX"
3,"THROCKMORTON , TX"
220,"NEW MADRID , MO"
27073,"PROVIDENCE , RI"
17548,"WORCESTER , MA"
18325,"KERN , CA"
33197,"PRINCE GEORGE'S , MD"
539,"LIVINGSTON , NY"
45976,"HENNEPIN , MN"
5154,"SOLANO , CA"
10507,"FORSYTH , NC"
4821,"MERCED , CA"
2331,"CALHOUN , AL"
1431,"CALCASIEU , LA"
1874,"CLERMONT , OH"
3417,"JOHNSTON , NC"
11754,"HAMILTON , TN"
234,"WHITMAN , WA"
1684,"WASHINGTON , UT"
624,"MARION , SC"
99,"NOXUBEE , MS"
659,"ATASCOSA , TX"
211,"KNOTT , KY"
2303,"WARREN , OH"
939,"DYER , TN"
373,"TOOMBS , GA"
2150,"BENNINGTON , VT"
60,"HUMBOLDT , NV"
387,"CALHOUN , TX"
116,"MONTEZUMA , CO"
95,"ASHLAND , WI"
208,"SIOUX , IA"
50,"HAMILTON , TX"
285,"JAY , IN"
148,"PIKE , AR"
35,"RAPPAHANNOCK , VA"
67,"RIO GRANDE , CO"
75,"PERRY , MS"
13632,"NUECES , TX"
538,"FAIRFAX CITY , VA"
3571,"CLARKE , GA"
1326,"NEWPORT , RI"
1662,"RANDOLPH , WV"
1360,"MADISON , NY"
65,"DADE , GA"
349,"RIO ARRIBA , NM"
365,"PECOS , TX"
69,"JACKSON , KS"
95,"TERRELL , GA"
68,"JERAULD , SD"
212,"FAYETTE , TX"
47,"PRICE , WI"
65,"MONO , CA"
20,"BARAGA , MI"
103,"WASHINGTON , KY"
87,"JEFFERSON , KS"
102,"STEPHENS , TX"
87,"MCKENZIE , ND"
29,"DECATUR , IA"
74,"MERRICK , NE"
28,"HYDE , NC"
61,"CAMERON PARISH , LA"
6,"DENALI BOROUGH , AK"
24,"LAKE , TN"
5,"SULLY , SD"
3,"SAIPAN MUNICIPALITY , MP"
1,"LAKE AND PENINSULA BOROUGH , AK"
113699,"SANTA CLARA , CA"
3059,"FORSYTH , GA"
7664,"ROCKLAND , NY"
3133,"NIAGARA , NY"
5138,"CABARRUS , NC"
3070,"JEFFERSON , NY"
1695,"ASHTABULA , OH"
294,"MARION , AL"
44,"DEKALB , MO"
427,"CASS , MI"
366,"OGLE , IL"
1406,"JOHNSON , MO"
109,"WATONWAN , MN"
1812,"GEORGETOWN , SC"
368,"JOSEPHINE , OR"
315,"LEWIS , WV"
266,"ST JOHN THE BAPTIST , LA"
451,"ALLEN , KY"
232,"WILLIAMSBURG CITY , VA"
355,"BUREAU , IL"
211,"PRESTON , WV"
52,"BALLARD , KY"
65,"DICKINSON , KS"
102,"BLAINE , OK"
9192,"BREVARD , FL"
533,"DINWIDDIE , VA"
69,"DELAWARE , IA"
406,"WALKER , GA"
109,"LEXINGTON CITY , VA"
49,"MEIGS , TN"
422,"LINCOLN , MO"
329,"OKMULGEE , OK"
110,"LAMAR , GA"
40,"JEFFERSON , MS"
34,"CUMBERLAND , VA"
17,"BEAVER , OK"
31,"COOK , MN"
20,"GOLDEN VALLEY , ND"
35,"POWELL , MT"
17,"HAMILTON , KS"
76,"PACIFIC , WA"
80,"CALHOUN , IA"
51,"CUMBERLAND , IL"
14,"HARDIN , IL"
19,"ESSEX , VT"
1,"MINERAL , CO"
58717,"SUFFOLK , NY"
34795,"HARTFORD , CT"
15536,"SAN JOAQUIN , CA"
101,"BLAINE , ID"
1394,"LYNCHBURG CITY , VA"
925,"TALLADEGA , AL"
2825,"ROCKDALE , GA"
986,"WORCESTER , MD"
3019,"HERNANDO , FL"
776,"HARRISON , IN"
90,"CALHOUN , MS"
690,"SAN JUAN , NM"
110,"PAGE , IA"
85,"UNION , FL"
79,"CASEY , KY"
207,"ITASCA , MN"
58,"WINN PARISH , LA"
174,"WETZEL , WV"
126,"BROWN , IN"
925,"LINCOLN PARISH , LA"
180,"LINCOLN , OK"
178,"CLAIBORNE , MS"
212,"MILLER , MO"
652,"SCOTT , MS"
305,"PICKENS , GA"
386,"LIVINGSTON , IL"
55,"COLFAX , NM"
57,"LINN , KS"
60,"NOWATA , OK"
1086,"TERREBONNE , LA"
161,"SWIFT , MN"
167,"PINE , MN"
229,"WYOMING , WV"
460,"ERATH , TX"
70,"INYO , CA"
156,"TREMPEALEAU , WI"
136,"HOUGHTON , MI"
31,"MADISON , LA"
81,"CHAFFEE , CO"
661,"ST. MARY'S , MD"
320,"LUMPKIN , GA"
115,"WASHINGTON , GA"
91,"BEDFORD CITY , VA"
105,"RAVALLI , MT"
101,"CLAY , TX"
1,"HETTINGER , ND"
11896,"MOBILE , AL"
11506,"PRINCE WILLIAM , VA"
9792,"EL PASO , CO"
14833,"ALBANY , NY"
6399,"ADAMS , CO"
335,"PRINCE EDWARD , VA"
13277,"VOLUSIA , FL"
3522,"SUMNER , TN"
11199,"SAN MATEO , CA"
1177,"HARNETT , NC"
1034,"DODGE , NE"
3223,"CHEROKEE , GA"
1576,"SALINE , AR"
476,"CHELAN , WA"
2289,"OHIO , WV"
2015,"KENNEBEC , ME"
996,"CLINTON , IA"
2335,"LEBANON , PA"
366,"POLK , WI"
86,"PAMLICO , NC"
62,"CLARK , MO"
10,"SULLIVAN , PA"
421,"JEFFERSON , WI"
14,"SANBORN , SD"
63,"MARION , GA"
369,"DAVIS , IA"
97,"PERQUIMANS , NC"
243,"LOGAN , CO"
70,"VALLEY , MT"
2317,"LITCHFIELD , CT"
20,"CLEARWATER , MN"
742,"HENDERSON , KY"
67,"CLAY , NC"
59,"GREENWOOD , KS"
123,"FRANKLIN , ID"
298,"UPSHUR , TX"
34,"JOHNSON , NE"
109,"WEST FELICIANA PARISH , LA"
24,"FULTON , KY"
22,"ONTONAGON , MI"
36,"SABINE , TX"
155,"ALLEGHANY , VA"
9,"MODOC , CA"
12,"HAND , SD"
6,"ALPINE , CA"
7,"SHERMAN , OR"
12,"DECATUR , KS"
5,"ISSAQUENA , MS"
1,"SKAGWAY MUNICIPALITY , AK"
2652,"MAUI , HI"
535,"MATAGORDA , TX"
727,"SHIAWASSEE , MI"
301,"WRIGHT , IA"
3113,"FAULKNER , AR"
499,"MCKEAN , PA"
1080,"WASHINGTON , WI"
2151,"SAINT LOUIS , MO"
2169,"SAINT CHARLES , MO"
69,"DUVAL , TX"
704,"COFFEE , GA"
745,"RHEA , TN"
1080,"FLAGLER , FL"
1675,"DOUGLAS , KS"
394,"WAPELLO , IA"
513,"TIPTON , TN"
372,"YOUNG , TX"
602,"KINGFISHER , OK"
131,"RICHLAND PARISH , LA"
559,"FULTON , OH"
101,"HOWARD , AR"
169,"MOUNTRAIL , ND"
77,"SMITH , MS"
43,"MORGAN , UT"
172,"FREMONT , WY"
98,"DEER LODGE , MT"
224,"ASHE , NC"
151,"FULTON , PA"
1042,"SHEBOYGAN , WI"
87,"PERRY , AL"
97,"SALEM , VA"
14,"CLARK , SD"
62,"FULTON , AR"
126,"PIERCE , GA"
40,"MONROE , IA"
11,"NESS , KS"
4,"SHERIDAN , ND"
8,"BRISCOE , TX"
1,"GILLIAM , OR"
34383,"SACRAMENTO , CA"
393,"ST. JOSEPH , MI"
39720,"NEW HAVEN , CT"
72,"WILKIN , MN"
6871,"HAMILTON , IN"
632,"ELMORE , AL"
11563,"ESCAMBIA , FL"
11424,"SOMERSET , NJ"
2485,"ROSS , OH"
3791,"YORK , ME"
24050,"MACOMB , MI"
417,"CLARKE , AL"
1133,"SHELBY , IN"
712,"SUNFLOWER , MS"
933,"SAINT JOHNS , FL"
621,"SAMPSON , NC"
129,"BANKS , GA"
591,"WAGONER , OK"
1414,"LAWRENCE , PA"
127,"IOWA , IA"
705,"CUSTER , OK"
1072,"PIKE , PA"
188,"BONNER , ID"
456,"DEFIANCE , OH"
65,"MADISON , AR"
559,"JENNINGS , IN"
93,"DOOLY , GA"
123,"JEFFERSON DAVIS , MS"
133,"BOSQUE , TX"
172,"ATTALA , MS"
2326,"PUTNAM , TN"
1096,"HANCOCK , OH"
716,"PUTNAM , FL"
167,"LAS ANIMAS , CO"
6,"POPE , IL"
72,"TROUSDALE , TN"
90,"SULLIVAN , MO"
11,"MORTON , KS"
16,"FOREST , PA"
2,"STONEWALL , TX"
1,"DOLORES , CO"
42867,"SHELBY , TN"
10396,"DURHAM , NC"
15628,"CHARLESTON , SC"
1078,"DANVILLE CITY , VA"
416,"MASON , MI"
16838,"FAYETTE , KY"
25911,"PINELLAS , FL"
2861,"HAYS , TX"
802,"BALDWIN , GA"
5021,"ECTOR , TX"
2168,"PULASKI , KY"
760,"LINCOLN , OR"
167,"ALEXANDER , NC"
276,"DOUGLAS , WI"
1798,"WARREN , NJ"
1587,"SKAGIT , WA"
29,"TREUTLEN , GA"
3686,"FORREST , MS"
238,"LOGAN , OK"
1265,"WASHINGTON , MS"
219,"MORGAN , MO"
380,"LAKE , CA"
181,"COLUSA , CA"
158,"ADAMS , OH"
583,"WISE , VA"
279,"MADISON , IA"
304,"MACON , GA"
65,"WINNEBAGO , IA"
94,"PEND OREILLE , WA"
1046,"COLUMBIA , FL"
620,"WABASH , IN"
139,"FRANKLIN , AR"
226,"AMHERST , VA"
100,"CALHOUN , SC"
95,"YOAKUM , TX"
42,"KEWAUNEE , WI"
14,"STEVENS , KS"
32,"FRANKLIN , IA"
75,"FURNAS , NE"
13,"SANDERS , MT"
47,"PIKE , GA"
7,"REAL , TX"
12,"RED LAKE , MN"
2512,"POTTAWATTAMIE , IA"
3591,"BURLEIGH , ND"
13778,"ANNE ARUNDEL , MD"
8935,"CUMBERLAND , ME"
2140,"KAUFMAN , TX"
4401,"YUMA , AZ"
4644,"BENTON , WA"
867,"PIKE , MS"
422,"TAYLOR , KY"
1616,"NELSON , KY"
2893,"DUNN , WI"
4210,"VIGO , IN"
533,"GREENE , PA"
657,"HANCOCK , ME"
522,"FAYETTE , WV"
351,"PERRY , OH"
1391,"MONTGOMERY , NY"
116,"FOUNTAIN , IN"
60,"BATH , KY"
514,"CAMDEN , GA"
215,"MCLEOD , MN"
249,"CAROLINE , VA"
11,"CHAUTAUQUA , KS"
106,"GREENE , VA"
14,"FALLON , MT"
221,"LEFLORE , OK"
17,"LIPSCOMB , TX"
99,"LASSEN , CA"
440,"BAXTER , AR"
1026,"DONA ANA , NM"
618,"SALINE , KS"
4805,"MARION , OR"
703,"HERKIMER , NY"
564,"MECKLENBURG , VA"
38,"MONTGOMERY , GA"
229,"LEVY , FL"
22,"LINCOLN , NV"
400,"WARREN , MO"
19,"VALLEY , NE"
48,"LAFAYETTE , WI"
111,"FRANKLIN , TX"
30,"LINCOLN , GA"
30,"BAYLOR , TX"
18,"OURAY , CO"
6,"LOGAN , ND"
41,"PARK , CO"
2,"DILLINGHAM CENSUS AREA , AK"
20,"CHARITON , MO"
7012,"HENRICO , VA"
6623,"MCHENRY , IL"
206826,"MIAMI-DADE , FL"
9698,"ADA , ID"
291,"HOUSTON , TX"
13448,"POLK , FL"
258,"LAUDERDALE , TN"
3499,"BROWN , WI"
752,"GRANT , WA"
12369,"LUCAS , OH"
2661,"MARTIN , FL"
2209,"RANDOLPH , NC"
1060,"GEAUGA , OH"
13122,"LAKE , IN"
1032,"DEKALB , IN"
969,"KENDALL , IL"
666,"WARREN , VA"
1911,"LAFAYETTE , MS"
1891,"INDIANA , PA"
475,"ANDERSON , TX"
608,"DODGE , WI"
1538,"CAMPBELL , KY"
2559,"PORTAGE , WI"
523,"SHENANDOAH , VA"
2679,"LEE , MS"
105,"JACKSON , IA"
193,"ST. CROIX , WI"
143,"CAMP , TX"
257,"LINCOLN , TN"
218,"GILES , TN"
1360,"MARSHALL , IA"
293,"HOCKLEY , TX"
69,"DE SOTO , LA"
92,"SHERMAN , KS"
96,"ROOSEVELT , MT"
82,"DICKENSON , VA"
5,"KEWEENAW , MI"
26822,"ORLEANS PARISH , LA"
523,"FINNEY , KS"
1202,"LAFAYETTE , LA"
907,"KERSHAW , SC"
1341,"LIVINGSTON , MI"
86,"SEVIER , AR"
855,"HANCOCK , IN"
2518,"SARPY , NE"
22,"BOYD , NE"
139,"FAYETTE , AL"
313,"CHILTON , AL"
270,"CLARK , AR"
636,"SAUK , WI"
100,"PEPIN , WI"
289,"ORLEANS , VT"
70,"EMERY , UT"
42,"WARREN , GA"
71,"MADISON PARISH , LA"
48,"MONROE , AR"
56,"DOUGLAS , SD"
101,"SEVIER , UT"
10,"NELSON , ND"
6,"CAMPBELL , SD"
37817,"UNION , NJ"
1830,"NORTHUMBERLAND , PA"
3424,"ANDERSON , SC"
210,"GAINES , TX"
1537,"PIKE , KY"
3593,"LA CROSSE , WI"
2559,"FREDERICK , VA"
144,"FARIBAULT , MN"
2359,"PORTAGE , OH"
59,"FREMONT , ID"
3032,"JACKSON , OR"
1855,"ELLIS , KS"
316,"LEE , IA"
474,"SUWANNEE , FL"
391,"GRADY , OK"
886,"LOGAN , OH"
290,"FREMONT , CO"
318,"ITAWAMBA , MS"
58,"PAWNEE , KS"
1041,"CHAMBERS , TX"
209,"THOMAS , KS"
264,"MERCER , ND"
122,"LEON , TX"
256,"ARKANSAS , AR"
81,"SAWYER , WI"
58,"IZARD , AR"
94,"BENZIE , MI"
72,"GRANT PARISH , LA"
110,"LLANO , TX"
173,"HENRY , IA"
1089,"CALDWELL , NC"
48,"RAINS , TX"
121,"LOWNDES , AL"
78,"LIVINGSTON , MO"
1035,"JEFFERSON , LA"
627,"KENDALL , TX"
162,"HAMPSHIRE , WV"
359,"BECKHAM , OK"
153,"DUCHESNE , UT"
52,"BOLLINGER , MO"
31,"IBERVILLE , LA"
26,"MCCOOK , SD"
20,"DIXON , NE"
15,"HARMON , OK"
12,"LASALLE , LA"
10,"CHEYENNE , CO"
34,"LAFAYETTE , AR"
2,"HOONAH-ANGOON CENSUS AREA , AK"
2,"SOUTHEAST FAIRBANKS , AK"